Workbook

Sheet Demand in Thousand kl
A1: Time/Country | B1: 42401 | C1: 42430 | D1: 42461 | E1: 42491 | F1: 42522 | G1: 42552 | H1: 42583 | I1: 42614 | J1: 42644 | K1: 42675 | L1: 42705 | M1: 42736 | N1: 42767 | O1: 42795 | P1: 42826 | Q1: 42856 | R1: 42887 | S1: 42917 | T1: 42948 | U1: 42979 | V1: 43009 | W1: 43040 | X1: 43070 | Y1: 43101 | Z1: 43132 | AA1: 43160 | AB1: 43191 | AC1: 43221 | AD1: 43252 | AE1: 43282 | AF1: 43313 | AG1: 43344 | AH1: 43374 | AI1: 43405 | AJ1: 43435 | AK1: 43466 | AL1: 43497 | AM1: 43525 | AN1: 43556 | AO1: 43586 | AP1: 43617 | AQ1: 43647 | AR1: 43678 | AS1: 43709 | AT1: 43739 | AU1: 43770 | AV1: 43800 | AW1: 43831 | AX1: 43862 | AY1: 43891 | AZ1: 43922 | BA1: 43952 | BB1: 43983 | BC1: 44013 | BD1: 44044 | BE1: 44075 | BF1: 44105 | BG1: 44136 | BH1: 44166 | BI1: 44197 | BJ1: 44228 | BK1: 44256 | BL1: 44287 | BM1: 44317 | BN1: 44348 | BO1: 44378 | BP1: 44409 | BQ1: 44440 | BR1: 44470 | BS1: 44501 | BT1: 44531 | BU1: 44562 | BV1: 44593 | BW1: 44621 | BX1: 44652 | BY1: 44682 | BZ1: 44713 | CA1: 44743 | CB1: 44774 | CC1: 44805 | CD1: 44835 | CE1: 44866 | CF1: 44896 | CG1: 44927 | CH1: 44958 | CI1: 44986 | CJ1: 45017 | CK1: 45047 | CL1: 45078 | CM1: 45108 | CN1: 45139 | CO1: 45170 | CP1: 45200 | CQ1: 45231 | CR1: 45261 | CS1: 45292 | CT1: 45323 | CU1: 45352 | CV1: 45383 | CW1: 45413 | CX1: 45444 | CY1: 45474 | CZ1: 45505 | DA1: 45536 | DB1: 45566 | DC1: 45597 | DD1: 45627 | DE1: 45658 | DF1: 45689 | DG1: 45717 | DH1: 45748 | DI1: 45778 | DJ1: 45809 | DK1: 45839 | DL1: 45870
A2: Albania | B2: - | C2: - | D2: - | E2: - | F2: - | G2: - | H2: - | I2: - | J2: - | K2: - | L2: - | M2: - | N2: - | O2: - | P2: - | Q2: - | R2: - | S2: - | T2: - | U2: - | V2: - | W2: - | X2: - | Y2: - | Z2: - | AA2: - | AB2: - | AC2: - | AD2: - | AE2: - | AF2: - | AG2: - | AH2: - | AI2: - | AJ2: - | AK2: - | AL2: - | AM2: - | AN2: - | AO2: - | AP2: - | AQ2: - | AR2: - | AS2: - | AT2: - | AU2: - | AV2: - | AW2: - | AX2: - | AY2: - | AZ2: - | BA2: - | BB2: - | BC2: - | BD2: - | BE2: - | BF2: - | BG2: - | BH2: - | BI2: - | BJ2: - | BK2: - | BL2: - | BM2: - | BN2: - | BO2: - | BP2: - | BQ2: - | BR2: - | BS2: - | BT2: - | BU2: - | BV2: - | BW2: - | BX2: - | BY2: - | BZ2: - | CA2: - | CB2: - | CC2: - | CD2: - | CE2: - | CF2: - | CG2: - | CH2: - | CI2: - | CJ2: - | CK2: - | CL2: - | CM2: - | CN2: - | CO2: - | CP2: - | CQ2: - | CR2: - | CS2: - | CT2: - | CU2: - | CV2: - | CW2: - | CX2: - | CY2: - | CZ2: - | DA2: - | DB2: - | DC2: - | DD2: - | DE2: - | DF2: - | DG2: - | DH2: - | DI2: - | DJ2: - | DK2: - | DL2: -
A3: Armenia | B3: - | C3: - | D3: - | E3: - | F3: - | G3: - | H3: - | I3: - | J3: - | K3: - | L3: - | M3: - | N3: - | O3: - | P3: - | Q3: - | R3: - | S3: - | T3: - | U3: - | V3: - | W3: - | X3: - | Y3: - | Z3: - | AA3: - | AB3: - | AC3: - | AD3: - | AE3: - | AF3: - | AG3: - | AH3: - | AI3: - | AJ3: - | AK3: - | AL3: - | AM3: - | AN3: - | AO3: - | AP3: - | AQ3: - | AR3: - | AS3: - | AT3: - | AU3: - | AV3: - | AW3: - | AX3: - | AY3: - | AZ3: - | BA3: - | BB3: - | BC3: - | BD3: - | BE3: - | BF3: - | BG3: - | BH3: - | BI3: - | BJ3: - | BK3: - | BL3: - | BM3: - | BN3: - | BO3: - | BP3: - | BQ3: - | BR3: - | BS3: - | BT3: - | BU3: - | BV3: - | BW3: - | BX3: - | BY3: - | BZ3: - | CA3: - | CB3: - | CC3: - | CD3: - | CE3: - | CF3: - | CG3: - | CH3: - | CI3: - | CJ3: - | CK3: - | CL3: - | CM3: - | CN3: - | CO3: - | CP3: - | CQ3: - | CR3: - | CS3: - | CT3: - | CU3: - | CV3: - | CW3: - | CX3: - | CY3: - | CZ3: - | DA3: - | DB3: - | DC3: - | DD3: - | DE3: - | DF3: - | DG3: - | DH3: - | DI3: - | DJ3: - | DK3: - | DL3: -
A4: Austria | B4: 154.4962 | C4: 171.961 | D4: 170.6175 | E4: 200.1733 | F4: 193.4561 | G4: 212.2643 | H4: 229.7291 | I4: 200.1733 | J4: 189.4257 | K4: 159.8699 | L4: 167.9306 | M4: 155.8396 | N4: 137.0314 | O4: 170.6175 | P4: 178.6782 | Q4: 193.4561 | R4: 200.1733 | S4: 213.6077 | T4: 224.3553 | U4: 189.4257 | V4: 184.052 | W4: 161.2134 | X4: 165.2437 | Y4: 157.1831 | Z4: 146.4355 | AA4: 175.9913 | AB4: 180.0216 | AC4: 192.1126 | AD4: 206.8905 | AE4: 217.6381 | AF4: 220.325 | AG4: 193.4561 | AH4: 202.8602 | AI4: 169.2741 | AJ4: 165.2437 | AK4: 155.8396 | AL4: 150.4658 | AM4: 171.961 | AN4: 181.3651 | AO4: 188.0823 | AP4: 205.5471 | AQ4: 218.9815 | AR4: 214.9512 | AS4: 200.1733 | AT4: 192.1126 | AU4: 162.5568 | AV4: 173.3044 | AW4: 165.2437 | AX4: 161.2134 | AY4: 120.91 | AZ4: 73.8895 | BA4: 124.9404 | BB4: 158.5265 | BC4: 206.8905 | BD4: 205.5471 | BE4: 218.9815 | BF4: 159.8699 | BG4: 116.8797 | BH4: 119.5666 | BI4: 96.728 | BJ4: 108.819 | BK4: 126.2838 | BL4: 127.6273 | BM4: 149.1224 | BN4: 190.7692 | BO4: 220.325 | BP4: 221.6684 | BQ4: 209.5774 | BR4: 188.0823 | BS4: 146.4355 | BT4: 150.4658 | BU4: 143.7486 | BV4: 149.1224 | BW4: 170.6175 | BX4: 167.9306 | BY4: 185.3954 | BZ4: 167.9306 | CA4: 171.961 | CB4: 182.7085 | CC4: 201.5167 | CD4: 157.1831 | CE4: 154.4962 | CF4: 162.5568 | CG4: 149.1224 | CH4: 149.1224 | CI4: 174.6478 | CJ4: 173.3044 | CK4: 189.4257 | CL4: 204.2036 | CM4: 210.9209 | CN4: 218.9815 | CO4: 206.8905 | CP4: 184.052 | CQ4: 161.2134 | CR4: 175.9913 | CS4: 161.2134 | CT4: 161.2134 | CU4: 174.6478 | CV4: 178.6782 | CW4: 193.4561 | CX4: 190.7692 | CY4: 217.6381 | CZ4: 225.6988 | DA4: 192.1126 | DB4: 193.4561 | DC4: 165.2437 | DD4: 178.6782 | DE4: 169.2741 | DF4: 161.2134 | DG4: 177.3347 | DH4: 186.7388 | DI4: 188.0823 | DJ4: 205.5471 | DK4: 206.8905 | DL4: 213.6077
A5: Azerbaijan | B5: 120.2741 | C5: 135.1394 | D5: 127.0311 | E5: 132.4366 | F5: 135.1394 | G5: 162.1673 | H5: 170.2757 | I5: 150.0048 | J5: 158.1131 | K5: 150.0048 | L5: 144.5992 | M5: 133.788 | N5: 120.2741 | O5: 143.2478 | P5: 145.9506 | Q5: 143.2478 | R5: 144.5992 | S5: 178.3841 | T5: 163.5187 | U5: 144.5992 | V5: 148.6534 | W5: 136.4908 | X5: 147.302 | Y5: 141.8964 | Z5: 128.3825 | AA5: 150.0048 | AB5: 132.4366 | AC5: 141.8964 | AD5: 155.4103 | AE5: 162.1673 | AF5: 166.2215 | AG5: 151.3562 | AH5: 152.7076 | AI5: 145.9506 | AJ5: 145.9506 | AK5: 141.8964 | AL5: 129.7339 | AM5: 137.8422 | AN5: 139.1936 | AO5: 156.7617 | AP5: 156.7617 | AQ5: 175.6813 | AR5: 181.0868 | AS5: 144.5992 | AT5: 174.3299 | AU5: 143.2478 | AV5: 160.8159 | AW5: 152.7076 | AX5: 140.545 | AY5: 137.8422 | AZ5: 74.3267 | BA5: 129.7339 | BB5: 118.9227 | BC5: 128.3825 | BD5: 140.545 | BE5: 159.4645 | BF5: 131.0852 | BG5: 139.1936 | BH5: 136.4908 | BI5: 143.2478 | BJ5: 141.8964 | BK5: 159.4645 | BL5: 155.4103 | BM5: 112.1657 | BN5: 170.2757 | BO5: 214.8717 | BP5: 178.3841 | BQ5: 160.8159 | BR5: 163.5187 | BS5: 164.8701 | BT5: 148.6534 | BU5: 155.4103 | BV5: 159.4645 | BW5: 170.2757 | BX5: 163.5187 | BY5: 162.1673 | BZ5: 171.6271 | CA5: 206.7633 | CB5: 191.898 | CC5: 178.3841 | CD5: 185.141 | CE5: 174.3299 | CF5: 178.3841 | CG5: 151.3562 | CH5: 156.7617 | CI5: 168.9243 | CJ5: 162.1673 | CK5: 178.3841 | CL5: 202.7091 | CM5: 209.4661 | CN5: 187.8438 | CO5: 162.1673 | CP5: 177.0327 | CQ5: 172.9785 | CR5: 194.6008 | CS5: 177.0327 | CT5: 178.3841 | CU5: 177.0327 | CV5: 183.7896 | CW5: 171.6271 | CX5: 183.7896 | CY5: 202.7091 | CZ5: 198.655 | DA5: 227.0342 | DB5: 187.8438 | DC5: 171.6271 | DD5: 151.3562 | DE5: 177.0327 | DF5: 162.1673 | DG5: 171.6271 | DH5: 186.4924 | DI5: 175.6813 | DJ5: 183.7896 | DK5: 186.4924 | DL5: -
A6: Belarus | B6: 114.8685 | C6: 114.8685 | D6: 137.8422 | E6: 145.9506 | F6: 137.8422 | G6: 152.7076 | H6: 158.1131 | I6: 127.0311 | J6: 148.6534 | K6: 131.0852 | L6: 125.6797 | M6: 121.6255 | N6: 125.6797 | O6: 128.3825 | P6: 143.2478 | Q6: 162.1673 | R6: 125.6797 | S6: 160.8159 | T6: 162.1673 | U6: 122.9769 | V6: 139.1936 | W6: 137.8422 | X6: 136.4908 | Y6: 128.3825 | Z6: 118.9227 | AA6: 125.6797 | AB6: 143.2478 | AC6: 159.4645 | AD6: 148.6534 | AE6: 163.5187 | AF6: 155.4103 | AG6: 151.3562 | AH6: 145.9506 | AI6: 143.2478 | AJ6: 150.0048 | AK6: 122.9769 | AL6: 122.9769 | AM6: 137.8422 | AN6: 147.302 | AO6: 151.3562 | AP6: 151.3562 | AQ6: 164.8701 | AR6: 179.7354 | AS6: 160.8159 | AT6: 159.4645 | AU6: 155.4103 | AV6: 150.0048 | AW6: 140.545 | AX6: 129.7339 | AY6: 128.3825 | AZ6: 144.5992 | BA6: 154.059 | BB6: 133.788 | BC6: 151.3562 | BD6: 175.6813 | BE6: 163.5187 | BF6: 155.4103 | BG6: 151.3562 | BH6: 143.2478 | BI6: 141.8964 | BJ6: 132.4366 | BK6: 135.1394 | BL6: 156.7617 | BM6: - | BN6: - | BO6: - | BP6: - | BQ6: - | BR6: - | BS6: - | BT6: - | BU6: - | BV6: - | BW6: - | BX6: - | BY6: - | BZ6: - | CA6: - | CB6: - | CC6: - | CD6: - | CE6: - | CF6: - | CG6: - | CH6: - | CI6: - | CJ6: - | CK6: - | CL6: - | CM6: - | CN6: - | CO6: - | CP6: - | CQ6: - | CR6: - | CS6: - | CT6: - | CU6: - | CV6: - | CW6: - | CX6: - | CY6: - | CZ6: - | DA6: - | DB6: - | DC6: - | DD6: - | DE6: - | DF6: - | DG6: - | DH6: - | DI6: - | DJ6: - | DK6: - | DL6: -
A7: Belgium | B7: 147.7789 | C7: 167.9306 | D7: 163.9003 | E7: 178.6782 | F7: 169.2741 | G7: 162.5568 | H7: 171.961 | I7: 170.6175 | J7: 169.2741 | K7: 165.2437 | L7: 173.3044 | M7: 151.8093 | N7: 151.8093 | O7: 180.0216 | P7: 170.6175 | Q7: 189.4257 | R7: 180.0216 | S7: 167.9306 | T7: 178.6782 | U7: 175.9913 | V7: 184.052 | W7: 175.9913 | X7: 174.6478 | Y7: 174.6478 | Z7: 165.2437 | AA7: 188.0823 | AB7: 189.4257 | AC7: 210.9209 | AD7: 197.4864 | AE7: 193.4561 | AF7: 198.8299 | AG7: 189.4257 | AH7: 214.9512 | AI7: 200.1733 | AJ7: 200.1733 | AK7: 204.2036 | AL7: 189.4257 | AM7: 205.5471 | AN7: 223.0119 | AO7: 228.3856 | AP7: 213.6077 | AQ7: 223.0119 | AR7: 217.6381 | AS7: 218.9815 | AT7: 235.1029 | AU7: 217.6381 | AV7: 233.7594 | AW7: 223.0119 | AX7: 209.5774 | AY7: 167.9306 | AZ7: 71.2026 | BA7: 131.6576 | BB7: 193.4561 | BC7: 216.2946 | BD7: 193.4561 | BE7: 217.6381 | BF7: 200.1733 | BG7: 162.5568 | BH7: 190.7692 | BI7: 177.3347 | BJ7: 166.5872 | BK7: 201.5167 | BL7: 201.5167 | BM7: 220.325 | BN7: 240.4766 | BO7: 233.7594 | BP7: 243.1635 | BQ7: 255.2545 | BR7: 257.9414 | BS7: 239.1332 | BT7: 247.1939 | BU7: 224.3553 | BV7: 232.416 | BW7: 271.3759 | BX7: 255.2545 | BY7: 274.0628 | BZ7: 253.9111 | CA7: 233.7594 | CB7: 256.598 | CC7: 257.9414 | CD7: 260.6283 | CE7: 248.5373 | CF7: 252.5676 | CG7: 241.8201 | CH7: 237.7898 | CI7: 268.689 | CJ7: 259.2849 | CK7: 282.1234 | CL7: 275.4062 | CM7: 260.6283 | CN7: 283.4669 | CO7: 283.4669 | CP7: 294.2144 | CQ7: 288.8407 | CR7: 287.4972 | CS7: 280.78 | CT7: 283.4669 | CU7: 292.871 | CV7: 307.6489 | CW7: 318.3965 | CX7: 288.8407 | CY7: 304.962 | CZ7: 304.962 | DA7: 295.5579 | DB7: 323.7702 | DC7: 302.2751 | DD7: 313.0227 | DE7: 311.6792 | DF7: 294.2144 | DG7: 311.6792 | DH7: 327.8006 | DI7: 322.4268 | DJ7: 314.3661 | DK7: 314.3661 | DL7: 308.9923
A8: Bulgaria | B8: 40.3033 | C8: 47.0206 | D8: 64.4854 | E8: 59.1116 | F8: 29.5558 | G8: 71.2026 | H8: 59.1116 | I8: 67.1722 | J8: 60.455 | K8: 49.7075 | L8: 67.1722 | M8: 51.0509 | N8: 40.3033 | O8: 55.0812 | P8: 55.0812 | Q8: 63.1419 | R8: 69.8591 | S8: 49.7075 | T8: 68.5157 | U8: 71.2026 | V8: 49.7075 | W8: 67.1722 | X8: 42.9902 | Y8: 44.3337 | Z8: 49.7075 | AA8: 56.4247 | AB8: 21.4951 | AC8: 38.9599 | AD8: 56.4247 | AE8: 107.4756 | AF8: 47.0206 | AG8: 55.0812 | AH8: 84.637 | AI8: 36.273 | AJ8: 26.8689 | AK8: 55.0812 | AL8: 49.7075 | AM8: 52.3944 | AN8: 64.4854 | AO8: 63.1419 | AP8: 60.455 | AQ8: 40.3033 | AR8: 68.5157 | AS8: 61.7985 | AT8: 48.364 | AU8: 53.7378 | AV8: 44.3337 | AW8: 53.7378 | AX8: 37.6165 | AY8: 37.6165 | AZ8: 30.8992 | BA8: 57.7681 | BB8: 55.0812 | BC8: 52.3944 | BD8: 67.1722 | BE8: 63.1419 | BF8: 55.0812 | BG8: 51.0509 | BH8: 41.6468 | BI8: 48.364 | BJ8: 49.7075 | BK8: 47.0206 | BL8: 65.8288 | BM8: 45.6771 | BN8: 60.455 | BO8: 67.1722 | BP8: 68.5157 | BQ8: 61.7985 | BR8: 56.4247 | BS8: 63.1419 | BT8: 34.9296 | BU8: 55.0812 | BV8: 47.0206 | BW8: 71.2026 | BX8: 41.6468 | BY8: 59.1116 | BZ8: 77.9198 | CA8: 48.364 | CB8: 61.7985 | CC8: 69.8591 | CD8: 56.4247 | CE8: 51.0509 | CF8: 59.1116 | CG8: 13.4344 | CH8: 52.3944 | CI8: 45.6771 | CJ8: 40.3033 | CK8: 61.7985 | CL8: 60.455 | CM8: 92.6977 | CN8: 106.1322 | CO8: 69.8591 | CP8: 61.7985 | CQ8: 65.8288 | CR8: 51.0509 | CS8: 69.8591 | CT8: 67.1722 | CU8: 48.364 | CV8: 57.7681 | CW8: 65.8288 | CX8: 77.9198 | CY8: 76.5764 | CZ8: 94.0411 | DA8: 68.5157 | DB8: 75.2329 | DC8: 84.637 | DD8: 55.0812 | DE8: 61.7985 | DF8: 75.2329 | DG8: 56.4247 | DH8: 75.2329 | DI8: 100.7584 | DJ8: 30.8992 | DK8: - | DL8: -
A9: Croatia | B9: 40.3033 | C9: 45.6771 | D9: 53.7378 | E9: 67.1722 | F9: 96.728 | G9: 52.3944 | H9: 85.9805 | I9: 61.7985 | J9: 48.364 | K9: 57.7681 | L9: 67.1722 | M9: 42.9902 | N9: 42.9902 | O9: 38.9599 | P9: 51.0509 | Q9: 65.8288 | R9: 59.1116 | S9: 77.9198 | T9: 81.9501 | U9: 69.8591 | V9: 68.5157 | W9: 51.0509 | X9: 55.0812 | Y9: 52.3944 | Z9: 36.273 | AA9: 44.3337 | AB9: 55.0812 | AC9: 57.7681 | AD9: 61.7985 | AE9: 77.9198 | AF9: 81.9501 | AG9: 59.1116 | AH9: 52.3944 | AI9: 42.9902 | AJ9: 47.0206 | AK9: 49.7075 | AL9: 37.6165 | AM9: 52.3944 | AN9: 75.2329 | AO9: 52.3944 | AP9: 42.9902 | AQ9: 71.2026 | AR9: 81.9501 | AS9: 57.7681 | AT9: 52.3944 | AU9: 41.6468 | AV9: 57.7681 | AW9: 32.2427 | AX9: 44.3337 | AY9: 40.3033 | AZ9: 24.182 | BA9: 45.6771 | BB9: 49.7075 | BC9: 67.1722 | BD9: 65.8288 | BE9: 48.364 | BF9: 42.9902 | BG9: 41.6468 | BH9: 34.9296 | BI9: 32.2427 | BJ9: 37.6165 | BK9: 41.6468 | BL9: 41.6468 | BM9: 51.0509 | BN9: 47.0206 | BO9: 84.637 | BP9: 84.637 | BQ9: 55.0812 | BR9: 45.6771 | BS9: 36.273 | BT9: 45.6771 | BU9: 36.273 | BV9: 36.273 | BW9: 42.9902 | BX9: 48.364 | BY9: 52.3944 | BZ9: 61.7985 | CA9: 76.5764 | CB9: 84.637 | CC9: 57.7681 | CD9: 68.5157 | CE9: 42.9902 | CF9: 30.8992 | CG9: 40.3033 | CH9: 38.9599 | CI9: 47.0206 | CJ9: 59.1116 | CK9: 55.0812 | CL9: 68.5157 | CM9: 72.546 | CN9: 92.6977 | CO9: 71.2026 | CP9: 42.9902 | CQ9: 47.0206 | CR9: 49.7075 | CS9: 45.6771 | CT9: 44.3337 | CU9: 45.6771 | CV9: 63.1419 | CW9: 64.4854 | CX9: 77.9198 | CY9: 92.6977 | CZ9: 85.9805 | DA9: 67.1722 | DB9: 63.1419 | DC9: 51.0509 | DD9: 56.4247 | DE9: 65.8288 | DF9: 32.2427 | DG9: 40.3033 | DH9: 57.7681 | DI9: 81.9501 | DJ9: 76.5764 | DK9: 79.2633 | DL9: -
A10: Cyprus | B10: 36.4876 | C10: 40.5418 | D10: 39.1904 | E10: 37.839 | F10: 41.8932 | G10: 43.2446 | H10: 43.2446 | I10: 43.2446 | J10: 39.1904 | K10: 37.839 | L10: 40.5418 | M10: 35.1363 | N10: 35.1363 | O10: 40.5418 | P10: 36.4876 | Q10: 40.5418 | R10: 43.2446 | S10: 43.2446 | T10: 41.8932 | U10: 41.8932 | V10: 40.5418 | W10: 37.839 | X10: 39.1904 | Y10: 35.1363 | Z10: 33.7849 | AA10: 39.1904 | AB10: 37.839 | AC10: 40.5418 | AD10: 40.5418 | AE10: 41.8932 | AF10: 41.8932 | AG10: 39.1904 | AH10: 39.1904 | AI10: 36.4876 | AJ10: 36.4876 | AK10: 35.1363 | AL10: 32.4335 | AM10: 36.4876 | AN10: 36.4876 | AO10: 39.1904 | AP10: 37.839 | AQ10: 41.8932 | AR10: 40.5418 | AS10: 39.1904 | AT10: 37.839 | AU10: 35.1363 | AV10: 36.4876 | AW10: 33.7849 | AX10: 33.7849 | AY10: 25.6765 | AZ10: 10.8112 | BA10: 25.6765 | BB10: 35.1363 | BC10: 41.8932 | BD10: 37.839 | BE10: 40.5418 | BF10: 36.4876 | BG10: 29.7307 | BH10: 33.7849 | BI10: 22.9737 | BJ10: 25.6765 | BK10: 32.4335 | BL10: 32.4335 | BM10: 32.4335 | BN10: 39.1904 | BO10: 40.5418 | BP10: 37.839 | BQ10: 40.5418 | BR10: 36.4876 | BS10: 33.7849 | BT10: 36.4876 | BU10: 28.3793 | BV10: 29.7307 | BW10: 33.7849 | BX10: 32.4335 | BY10: 36.4876 | BZ10: 36.4876 | CA10: 36.4876 | CB10: 37.839 | CC10: 39.1904 | CD10: 36.4876 | CE10: 33.7849 | CF10: 36.4876 | CG10: 32.4335 | CH10: 31.0821 | CI10: 36.4876 | CJ10: 33.7849 | CK10: 37.839 | CL10: 40.5418 | CM10: 39.1904 | CN10: 39.1904 | CO10: 39.1904 | CP10: 37.839 | CQ10: 36.4876 | CR10: 36.4876 | CS10: 33.7849 | CT10: 33.7849 | CU10: 36.4876 | CV10: 36.4876 | CW10: 37.839 | CX10: 39.1904 | CY10: 41.8932 | CZ10: 39.1904 | DA10: 40.5418 | DB10: 40.5418 | DC10: 36.4876 | DD10: 37.839 | DE10: 35.1363 | DF10: 32.4335 | DG10: 36.4876 | DH10: 36.4876 | DI10: 40.5418 | DJ10: 40.5418 | DK10: 43.2446 | DL10: -
A11: Czech Republic | B11: 159.8699 | C11: 161.2134 | D11: 177.3347 | E11: 197.4864 | F11: 188.0823 | G11: 196.143 | H11: 192.1126 | I11: 193.4561 | J11: 189.4257 | K11: 175.9913 | L11: 174.6478 | M11: 150.4658 | N11: 149.1224 | O11: 173.3044 | P11: 175.9913 | Q11: 194.7995 | R11: 189.4257 | S11: 193.4561 | T11: 208.234 | U11: 181.3651 | V11: 190.7692 | W11: 185.3954 | X11: 161.2134 | Y11: 143.7486 | Z11: 151.8093 | AA11: 158.5265 | AB11: 177.3347 | AC11: 204.2036 | AD11: 184.052 | AE11: 192.1126 | AF11: 192.1126 | AG11: 182.7085 | AH11: 196.143 | AI11: 182.7085 | AJ11: 163.9003 | AK11: 159.8699 | AL11: 147.7789 | AM11: 173.3044 | AN11: 184.052 | AO11: 198.8299 | AP11: 197.4864 | AQ11: 194.7995 | AR11: 198.8299 | AS11: 184.052 | AT11: 200.1733 | AU11: 171.961 | AV11: 167.9306 | AW11: 153.1527 | AX11: 155.8396 | AY11: 139.7183 | AZ11: 123.5969 | BA11: 161.2134 | BB11: 180.0216 | BC11: 197.4864 | BD11: 204.2036 | BE11: 186.7388 | BF11: 155.8396 | BG11: 134.3445 | BH11: 139.7183 | BI11: 128.9707 | BJ11: 124.9404 | BK11: 114.1928 | BL11: 134.3445 | BM11: 184.052 | BN11: 198.8299 | BO11: 217.6381 | BP11: 208.234 | BQ11: 193.4561 | BR11: 200.1733 | BS11: 177.3347 | BT11: 157.1831 | BU11: 157.1831 | BV11: 155.8396 | BW11: 171.961 | BX11: 171.961 | BY11: 182.7085 | BZ11: 196.143 | CA11: 171.961 | CB11: 190.7692 | CC11: 204.2036 | CD11: 188.0823 | CE11: 181.3651 | CF11: 170.6175 | CG11: 159.8699 | CH11: 154.4962 | CI11: 185.3954 | CJ11: 173.3044 | CK11: 213.6077 | CL11: 205.5471 | CM11: 205.5471 | CN11: 204.2036 | CO11: 201.5167 | CP11: 197.4864 | CQ11: 178.6782 | CR11: 174.6478 | CS11: 181.3651 | CT11: 167.9306 | CU11: 186.7388 | CV11: 204.2036 | CW11: 216.2946 | CX11: 200.1733 | CY11: 216.2946 | CZ11: 218.9815 | DA11: 208.234 | DB11: 217.6381 | DC11: 193.4561 | DD11: 208.234 | DE11: 177.3347 | DF11: 173.3044 | DG11: 200.1733 | DH11: 201.5167 | DI11: 218.9815 | DJ11: 220.325 | DK11: 224.3553 | DL11: 223.0119
A12: Denmark | B12: 133.001 | C12: 145.0921 | D12: 146.4355 | E12: 167.9306 | F12: 159.8699 | G12: 147.7789 | H12: 161.2134 | I12: 154.4962 | J12: 145.0921 | K12: 151.8093 | L12: 141.0617 | M12: 135.6879 | N12: 124.9404 | O12: 150.4658 | P12: 139.7183 | Q12: 170.6175 | R12: 161.2134 | S12: 154.4962 | T12: 149.1224 | U12: 147.7789 | V12: 154.4962 | W12: 147.7789 | X12: 141.0617 | Y12: 139.7183 | Z12: 128.9707 | AA12: 137.0314 | AB12: 145.0921 | AC12: 171.961 | AD12: 154.4962 | AE12: 151.8093 | AF12: 161.2134 | AG12: 143.7486 | AH12: 157.1831 | AI12: 150.4658 | AJ12: 142.4052 | AK12: 135.6879 | AL12: 120.91 | AM12: 145.0921 | AN12: 157.1831 | AO12: 165.2437 | AP12: 151.8093 | AQ12: 153.1527 | AR12: 157.1831 | AS12: 149.1224 | AT12: 151.8093 | AU12: 149.1224 | AV12: 146.4355 | AW12: 137.0314 | AX12: 126.2838 | AY12: 120.91 | AZ12: 110.1625 | BA12: 135.6879 | BB12: 150.4658 | BC12: 159.8699 | BD12: 153.1527 | BE12: 159.8699 | BF12: 149.1224 | BG12: 133.001 | BH12: 128.9707 | BI12: 106.1322 | BJ12: 106.1322 | BK12: 137.0314 | BL12: 139.7183 | BM12: 150.4658 | BN12: 162.5568 | BO12: 161.2134 | BP12: 158.5265 | BQ12: 157.1831 | BR12: 147.7789 | BS12: 150.4658 | BT12: 142.4052 | BU12: 124.9404 | BV12: 130.3142 | BW12: 146.4355 | BX12: 143.7486 | BY12: 153.1527 | BZ12: 146.4355 | CA12: 137.0314 | CB12: 154.4962 | CC12: 142.4052 | CD12: 143.7486 | CE12: 147.7789 | CF12: 143.7486 | CG12: 135.6879 | CH12: 133.001 | CI12: 149.1224 | CJ12: 146.4355 | CK12: 163.9003 | CL12: 158.5265 | CM12: 143.7486 | CN12: 161.2134 | CO12: 149.1224 | CP12: 149.1224 | CQ12: 147.7789 | CR12: 142.4052 | CS12: 128.9707 | CT12: 126.2838 | CU12: 134.3445 | CV12: 146.4355 | CW12: 159.8699 | CX12: 135.6879 | CY12: 142.4052 | CZ12: 142.4052 | DA12: 139.7183 | DB12: 135.6879 | DC12: 128.9707 | DD12: 128.9707 | DE12: 123.5969 | DF12: 116.8797 | DG12: 126.2838 | DH12: 138.3748 | DI12: 141.0617 | DJ12: 134.3445 | DK12: 134.3445 | DL12: 135.6879
A13: Estonia | B13: 26.8689 | C13: 24.182 | D13: 24.182 | E13: 29.5558 | F13: 28.2123 | G13: 33.5861 | H13: 30.8992 | I13: 28.2123 | J13: 24.182 | K13: 25.5255 | L13: 25.5255 | M13: 41.6468 | N13: 30.8992 | O13: 30.8992 | P13: 22.8386 | Q13: 29.5558 | R13: 30.8992 | S13: 29.5558 | T13: 30.8992 | U13: 25.5255 | V13: 25.5255 | W13: 24.182 | X13: 26.8689 | Y13: 24.182 | Z13: 28.2123 | AA13: 28.2123 | AB13: 25.5255 | AC13: 32.2427 | AD13: 33.5861 | AE13: 32.2427 | AF13: 33.5861 | AG13: 24.182 | AH13: 24.182 | AI13: 22.8386 | AJ13: 32.2427 | AK13: 34.9296 | AL13: 34.9296 | AM13: 33.5861 | AN13: 30.8992 | AO13: 25.5255 | AP13: 26.8689 | AQ13: 36.273 | AR13: 26.8689 | AS13: 26.8689 | AT13: 28.2123 | AU13: 25.5255 | AV13: 33.5861 | AW13: 34.9296 | AX13: 34.9296 | AY13: 32.2427 | AZ13: 29.5558 | BA13: 29.5558 | BB13: 26.8689 | BC13: 30.8992 | BD13: 29.5558 | BE13: 25.5255 | BF13: 22.8386 | BG13: 22.8386 | BH13: 21.4951 | BI13: 18.8082 | BJ13: 18.8082 | BK13: 18.8082 | BL13: 20.1517 | BM13: 25.5255 | BN13: 28.2123 | BO13: 29.5558 | BP13: 26.8689 | BQ13: 24.182 | BR13: 22.8386 | BS13: 21.4951 | BT13: 22.8386 | BU13: 18.8082 | BV13: 18.8082 | BW13: 20.1517 | BX13: 21.4951 | BY13: 24.182 | BZ13: 25.5255 | CA13: 26.8689 | CB13: 26.8689 | CC13: 22.8386 | CD13: 21.4951 | CE13: 21.4951 | CF13: 21.4951 | CG13: 18.8082 | CH13: 18.8082 | CI13: 20.1517 | CJ13: 21.4951 | CK13: 25.5255 | CL13: 25.5255 | CM13: 26.8689 | CN13: 26.8689 | CO13: 24.182 | CP13: 22.8386 | CQ13: 21.4951 | CR13: 21.4951 | CS13: 20.1517 | CT13: 18.8082 | CU13: 21.4951 | CV13: 21.4951 | CW13: 25.5255 | CX13: 26.8689 | CY13: 26.8689 | CZ13: 26.8689 | DA13: 22.8386 | DB13: 22.8386 | DC13: 21.4951 | DD13: 21.4951 | DE13: 20.1517 | DF13: 20.1517 | DG13: 21.4951 | DH13: 22.8386 | DI13: 32.2427 | DJ13: 26.8689 | DK13: 48.364 | DL13: 26.8689
A14: Finland | B14: 141.0617 | C14: 153.1527 | D14: 157.1831 | E14: 177.3347 | F14: 181.3651 | G14: 194.7995 | H14: 182.7085 | I14: 166.5872 | J14: 162.5568 | K14: 151.8093 | L14: 153.1527 | M14: 139.7183 | N14: 137.0314 | O14: 154.4962 | P14: 151.8093 | Q14: 171.961 | R14: 184.052 | S14: 189.4257 | T14: 181.3651 | U14: 163.9003 | V14: 161.2134 | W14: 146.4355 | X14: 151.8093 | Y14: 142.4052 | Z14: 138.3748 | AA14: 154.4962 | AB14: 149.1224 | AC14: 175.9913 | AD14: 175.9913 | AE14: 190.7692 | AF14: 178.6782 | AG14: 157.1831 | AH14: 158.5265 | AI14: 146.4355 | AJ14: 149.1224 | AK14: 145.0921 | AL14: 130.3142 | AM14: 146.4355 | AN14: 150.4658 | AO14: 165.2437 | AP14: 178.6782 | AQ14: 185.3954 | AR14: 175.9913 | AS14: 157.1831 | AT14: 158.5265 | AU14: 143.7486 | AV14: 145.0921 | AW14: 135.6879 | AX14: 135.6879 | AY14: 127.6273 | AZ14: 111.5059 | BA14: 143.7486 | BB14: 171.961 | BC14: 200.1733 | BD14: 161.2134 | BE14: 157.1831 | BF14: 151.8093 | BG14: 135.6879 | BH14: 135.6879 | BI14: 124.9404 | BJ14: 124.9404 | BK14: 130.3142 | BL14: 137.0314 | BM14: 158.5265 | BN14: 177.3347 | BO14: 192.1126 | BP14: 169.2741 | BQ14: 153.1527 | BR14: 150.4658 | BS14: 138.3748 | BT14: 146.4355 | BU14: 120.91 | BV14: 119.5666 | BW14: 130.3142 | BX14: 131.6576 | BY14: 147.7789 | BZ14: 161.2134 | CA14: 166.5872 | CB14: 159.8699 | CC14: 143.7486 | CD14: 139.7183 | CE14: 133.001 | CF14: 138.3748 | CG14: 123.5969 | CH14: 123.5969 | CI14: 134.3445 | CJ14: 135.6879 | CK14: 154.4962 | CL14: 163.9003 | CM14: 167.9306 | CN14: 157.1831 | CO14: 145.0921 | CP14: 145.0921 | CQ14: 130.3142 | CR14: 139.7183 | CS14: 134.3445 | CT14: 128.9707 | CU14: 139.7183 | CV14: 126.2838 | CW14: 155.8396 | CX14: 159.8699 | CY14: 170.6175 | CZ14: 161.2134 | DA14: 147.7789 | DB14: 141.0617 | DC14: 131.6576 | DD14: 137.0314 | DE14: 126.2838 | DF14: 120.91 | DG14: 134.3445 | DH14: 138.3748 | DI14: 151.8093 | DJ14: 165.2437 | DK14: 177.3347 | DL14: -
A15: France | B15: 690.5307 | C15: 793.976 | D15: 795.3194 | E15: 896.0778 | F15: 826.2186 | G15: 909.5122 | H15: 925.6336 | I15: 840.9965 | J15: 798.0063 | K15: 756.3595 | L15: 840.9965 | M15: 749.6423 | N15: 718.743 | O15: 867.8654 | P15: 865.1785 | Q15: 916.2295 | R15: 951.159 | S15: 922.9467 | T15: 998.1796 | U15: 944.4418 | V15: 834.2793 | W15: 827.5621 | X15: 879.9564 | Y15: 775.1677 | Z15: 759.0464 | AA15: 883.9868 | AB15: 906.8253 | AC15: 983.4017 | AD15: 953.8459 | AE15: 1030.422 | AF15: 1035.796 | AG15: 879.9564 | AH15: 965.9369 | AI15: 897.4212 | AJ15: 853.0875 | AK15: 845.0269 | AL15: 811.4407 | AM15: 897.4212 | AN15: 992.8058 | AO15: 980.7148 | AP15: 996.8361 | AQ15: 1139.241 | AR15: 1076.099 | AS15: 972.6541 | AT15: 1004.897 | AU15: 905.4819 | AV15: 1016.988 | AW15: 931.0073 | AX15: 877.2695 | AY15: 714.7127 | AZ15: 296.9013 | BA15: 587.0854 | BB15: 944.4418 | BC15: 1167.454 | BD15: 1086.847 | BE15: 1010.271 | BF15: 988.7755 | BG15: 596.4896 | BH15: 904.1384 | BI15: 784.5718 | BJ15: 772.4808 | BK15: 951.159 | BL15: 828.9055 | BM15: 943.0983 | BN15: 1131.181 | BO15: 1235.969 | BP15: 1203.727 | BQ15: 1125.807 | BR15: 1073.413 | BS15: 1029.079 | BT15: 1105.655 | BU15: 922.9467 | BV15: 955.1894 | BW15: 1078.786 | BX15: 1093.564 | BY15: 1171.484 | BZ15: 1190.292 | CA15: 1244.03 | CB15: 1285.677 | CC15: 1226.565 | CD15: 1084.16 | CE15: 1109.686 | CF15: 1166.11 | CG15: 1089.534 | CH15: 976.6845 | CI15: 1155.363 | CJ15: 1116.403 | CK15: 1238.656 | CL15: 1308.515 | CM15: 1296.424 | CN15: 1339.415 | CO15: 1209.1 | CP15: 1230.596 | CQ15: 1101.625 | CR15: 1184.918 | CS15: 1139.241 | CT15: 1088.19 | CU15: 1195.666 | CV15: 1270.899 | CW15: 1316.576 | CX15: 1250.747 | CY15: 1487.194 | CZ15: 1426.739 | DA15: 1265.525 | DB15: 1339.415 | DC15: 1187.605 | DD15: 1317.92 | DE15: 1234.626 | DF15: 1152.676 | DG15: 1237.313 | DH15: 1393.152 | DI15: 1348.819 | DJ15: 1429.425 | DK15: 1539.588 | DL15: 1434.799
A16: Georgia | B16: - | C16: - | D16: - | E16: - | F16: - | G16: - | H16: - | I16: - | J16: - | K16: - | L16: - | M16: 8.1084 | N16: 47.2988 | O16: 55.4072 | P16: 59.4614 | Q16: 58.11 | R16: 56.7586 | S16: 72.9753 | T16: 67.5697 | U16: 79.7323 | V16: 68.9211 | W16: 63.5155 | X16: 72.9753 | Y16: 52.7044 | Z16: 50.0016 | AA16: 58.11 | AB16: 55.4072 | AC16: 59.4614 | AD16: 67.5697 | AE16: 66.2183 | AF16: 81.0837 | AG16: 54.0558 | AH16: 64.8669 | AI16: 59.4614 | AJ16: 55.4072 | AK16: 58.11 | AL16: 66.2183 | AM16: 51.353 | AN16: 64.8669 | AO16: 54.0558 | AP16: 55.4072 | AQ16: 62.1641 | AR16: 74.3267 | AS16: 66.2183 | AT16: 66.2183 | AU16: 59.4614 | AV16: 52.7044 | AW16: 66.2183 | AX16: 54.0558 | AY16: 50.0016 | AZ16: 28.3793 | BA16: 50.0016 | BB16: 56.7586 | BC16: 67.5697 | BD16: 60.8127 | BE16: 63.5155 | BF16: 67.5697 | BG16: 59.4614 | BH16: 62.1641 | BI16: 52.7044 | BJ16: 55.4072 | BK16: 68.9211 | BL16: 63.5155 | BM16: 62.1641 | BN16: 68.9211 | BO16: 67.5697 | BP16: 82.4351 | BQ16: 83.7864 | BR16: 59.4614 | BS16: 68.9211 | BT16: 70.2725 | BU16: 67.5697 | BV16: 67.5697 | BW16: 59.4614 | BX16: 60.8127 | BY16: 77.0295 | BZ16: 64.8669 | CA16: 63.5155 | CB16: 74.3267 | CC16: 94.5976 | CD16: 58.11 | CE16: 68.9211 | CF16: 68.9211 | CG16: 54.0558 | CH16: 59.4614 | CI16: 63.5155 | CJ16: 63.5155 | CK16: 72.9753 | CL16: 81.0837 | CM16: 89.192 | CN16: 74.3267 | CO16: 67.5697 | CP16: 70.2725 | CQ16: 66.2183 | CR16: 72.9753 | CS16: 70.2725 | CT16: 72.9753 | CU16: 71.6239 | CV16: 70.2725 | CW16: 54.0558 | CX16: 79.7323 | CY16: 85.1378 | CZ16: 83.7864 | DA16: 67.5697 | DB16: 81.0837 | DC16: 82.4351 | DD16: 60.8127 | DE16: 90.5434 | DF16: 55.4072 | DG16: 95.949 | DH16: 86.4892 | DI16: 72.9753 | DJ16: 79.7323 | DK16: - | DL16: -
A17: Germany | B17: 1875.4491 | C17: 2025.915 | D17: 2052.784 | E17: 2111.895 | F17: 2080.996 | G17: 2158.916 | H17: 2138.764 | I17: 2125.33 | J17: 2064.875 | K17: 2054.127 | L17: 2016.511 | M17: 1903.662 | N17: 1802.903 | O17: 2176.381 | P17: 2025.915 | Q17: 2165.633 | R17: 2132.047 | S17: 2129.36 | T17: 2173.694 | U17: 2091.744 | V17: 2066.218 | W17: 2132.047 | X17: 2001.733 | Y17: 2267.735 | Z17: 2161.603 | AA17: 2392.675 | AB17: 2359.089 | AC17: 2509.555 | AD17: 2497.464 | AE17: 2465.222 | AF17: 2537.768 | AG17: 2318.786 | AH17: 2317.443 | AI17: 2317.443 | AJ17: 2338.938 | AK17: 2262.361 | AL17: 2123.987 | AM17: 2364.463 | AN17: 2338.938 | AO17: 2506.868 | AP17: 2402.08 | AQ17: 2548.515 | AR17: 2547.172 | AS17: 2406.11 | AT17: 2543.141 | AU17: 2314.756 | AV17: 2407.453 | AW17: 2432.979 | AX17: 2265.048 | AY17: 2119.956 | AZ17: 1673.932 | BA17: 2035.319 | BB17: 2224.745 | BC17: 2545.828 | BD17: 2380.584 | BE17: 2344.311 | BF17: 2408.797 | BG17: 1997.703 | BH17: 2117.269 | BI17: 1781.408 | BJ17: 1671.246 | BK17: 2189.815 | BL17: 2039.349 | BM17: 2140.108 | BN17: 2283.856 | BO17: 2334.907 | BP17: 2431.635 | BQ17: 2302.665 | BR17: 2318.786 | BS17: 2262.361 | BT17: 2185.785 | BU17: 2015.167 | BV17: 2028.602 | BW17: 2212.654 | BX17: 2107.865 | BY17: 2086.37 | BZ17: 2575.384 | CA17: 2353.716 | CB17: 2521.646 | CC17: 1957.399 | CD17: 2164.29 | CE17: 2191.159 | CF17: 2105.178 | CG17: 2016.511 | CH17: 2038.006 | CI17: 2247.583 | CJ17: 2060.845 | CK17: 2306.695 | CL17: 2238.179 | CM17: 2250.27 | CN17: 2279.826 | CO17: 2298.634 | CP17: 2369.837 | CQ17: 2161.603 | CR17: 2188.472 | CS17: 2025.915 | CT17: 2064.875 | CU17: 2234.149 | CV17: 2338.938 | CW17: 2442.383 | CX17: 2317.443 | CY17: 2528.363 | CZ17: 2492.09 | DA17: 2334.907 | DB17: 2277.139 | DC17: 2248.927 | DD17: 2208.624 | DE17: 2287.887 | DF17: 2161.603 | DG17: 2316.099 | DH17: 2348.342 | DI17: 2326.847 | DJ17: 2441.04 | DK17: 2278.483 | DL17: 2247.583
A18: Greece | B18: 231.0725 | C18: 259.2849 | D18: 279.4365 | E18: 259.2849 | F18: 276.7497 | G18: 311.6792 | H18: 329.144 | I18: 282.1234 | J18: 251.2242 | K18: 251.2242 | L18: 296.9013 | M18: 206.8905 | N18: 223.0119 | O18: 255.2545 | P18: 248.5373 | Q18: 266.0021 | R18: 279.4365 | S18: 307.6489 | T18: 315.7096 | U18: 278.0931 | V18: 252.5676 | W18: 240.4766 | X18: 284.8103 | Y18: 231.0725 | Z18: 217.6381 | AA18: 249.8808 | AB18: 249.8808 | AC18: 251.2242 | AD18: 270.0324 | AE18: 295.5579 | AF18: 307.6489 | AG18: 259.2849 | AH18: 247.1939 | AI18: 236.4463 | AJ18: 270.0324 | AK18: 213.6077 | AL18: 206.8905 | AM18: 241.8201 | AN18: 251.2242 | AO18: 256.598 | AP18: 267.3455 | AQ18: 306.3054 | AR18: 310.3358 | AS18: 261.9718 | AT18: 251.2242 | AU18: 235.1029 | AV18: 261.9718 | AW18: 217.6381 | AX18: 221.6684 | AY18: 170.6175 | AZ18: 107.4756 | BA18: 192.1126 | BB18: 243.1635 | BC18: 287.4972 | BD18: 283.4669 | BE18: 257.9414 | BF18: 237.7898 | BG18: 163.9003 | BH18: 171.961 | BI18: 154.4962 | BJ18: 154.4962 | BK18: 170.6175 | BL18: 186.7388 | BM18: 224.3553 | BN18: 264.6587 | BO18: 302.2751 | BP18: 302.2751 | BQ18: 267.3455 | BR18: 229.7291 | BS18: 224.3553 | BT18: 252.5676 | BU18: 190.7692 | BV18: 202.8602 | BW18: 202.8602 | BX18: 233.7594 | BY18: 229.7291 | BZ18: 239.1332 | CA18: 261.9718 | CB18: 291.5276 | CC18: 253.9111 | CD18: 220.325 | CE18: 210.9209 | CF18: 251.2242 | CG18: 198.8299 | CH18: 200.1733 | CI18: 223.0119 | CJ18: 228.3856 | CK18: 243.1635 | CL18: 260.6283 | CM18: 291.5276 | CN18: 294.2144 | CO18: 251.2242 | CP18: 235.1029 | CQ18: 217.6381 | CR18: 247.1939 | CS18: 206.8905 | CT18: 202.8602 | CU18: 228.3856 | CV18: 232.416 | CW18: 247.1939 | CX18: 263.3152 | CY18: 298.2448 | CZ18: 306.3054 | DA18: 257.9414 | DB18: 243.1635 | DC18: 229.7291 | DD18: 245.8504 | DE18: 212.2643 | DF18: 201.5167 | DG18: 228.3856 | DH18: 243.1635 | DI18: 247.1939 | DJ18: 268.689 | DK18: 306.3054 | DL18: -
A19: Hungary | B19: 111.5059 | C19: 150.4658 | D19: 162.5568 | E19: 154.4962 | F19: 162.5568 | G19: 155.8396 | H19: 175.9913 | I19: 159.8699 | J19: 124.9404 | K19: 139.7183 | L19: 182.7085 | M19: 119.5666 | N19: 134.3445 | O19: 141.0617 | P19: 123.5969 | Q19: 163.9003 | R19: 163.9003 | S19: 162.5568 | T19: 180.0216 | U19: 151.8093 | V19: 163.9003 | W19: 141.0617 | X19: 154.4962 | Y19: 145.0921 | Z19: 128.9707 | AA19: 162.5568 | AB19: 155.8396 | AC19: 177.3347 | AD19: 170.6175 | AE19: 171.961 | AF19: 175.9913 | AG19: 163.9003 | AH19: 146.4355 | AI19: 149.1224 | AJ19: 185.3954 | AK19: 150.4658 | AL19: 135.6879 | AM19: 158.5265 | AN19: 174.6478 | AO19: 161.2134 | AP19: 175.9913 | AQ19: 182.7085 | AR19: 194.7995 | AS19: 171.961 | AT19: 177.3347 | AU19: 158.5265 | AV19: 169.2741 | AW19: 146.4355 | AX19: 150.4658 | AY19: 139.7183 | AZ19: 116.8797 | BA19: 153.1527 | BB19: 163.9003 | BC19: 175.9913 | BD19: 185.3954 | BE19: 165.2437 | BF19: 157.1831 | BG19: 149.1224 | BH19: 147.7789 | BI19: 134.3445 | BJ19: 134.3445 | BK19: 130.3142 | BL19: 155.8396 | BM19: 175.9913 | BN19: 182.7085 | BO19: 186.7388 | BP19: 192.1126 | BQ19: 178.6782 | BR19: 175.9913 | BS19: 166.5872 | BT19: 171.961 | BU19: 143.7486 | BV19: 158.5265 | BW19: 182.7085 | BX19: 174.6478 | BY19: 190.7692 | BZ19: 182.7085 | CA19: 163.9003 | CB19: 185.3954 | CC19: 171.961 | CD19: 180.0216 | CE19: 141.0617 | CF19: 181.3651 | CG19: 153.1527 | CH19: 131.6576 | CI19: 163.9003 | CJ19: 158.5265 | CK19: 174.6478 | CL19: 169.2741 | CM19: 186.7388 | CN19: 170.6175 | CO19: 167.9306 | CP19: 169.2741 | CQ19: 167.9306 | CR19: 186.7388 | CS19: 134.3445 | CT19: 147.7789 | CU19: 167.9306 | CV19: 170.6175 | CW19: 174.6478 | CX19: 163.9003 | CY19: 189.4257 | CZ19: 184.052 | DA19: 167.9306 | DB19: 180.0216 | DC19: 178.6782 | DD19: 173.3044 | DE19: 151.8093 | DF19: 146.4355 | DG19: 162.5568 | DH19: 175.9913 | DI19: 182.7085 | DJ19: 174.6478 | DK19: 186.7388 | DL19: 185.3954
A20: Iceland | B20: 10.7476 | C20: 13.4344 | D20: 13.4344 | E20: 16.1213 | F20: 18.8082 | G20: 17.4648 | H20: 18.8082 | I20: 14.7779 | J20: 13.4344 | K20: 16.1213 | L20: 14.7779 | M20: 13.4344 | N20: 9.4041 | O20: 17.4648 | P20: 10.7476 | Q20: 20.1517 | R20: 13.4344 | S20: 18.8082 | T20: 13.4344 | U20: 21.4951 | V20: 18.8082 | W20: 13.4344 | X20: 13.4344 | Y20: 12.091 | Z20: 12.091 | AA20: 13.4344 | AB20: 14.7779 | AC20: 17.4648 | AD20: 16.1213 | AE20: 18.8082 | AF20: 14.7779 | AG20: 17.4648 | AH20: 17.4648 | AI20: 14.7779 | AJ20: 12.091 | AK20: 10.7476 | AL20: 9.4041 | AM20: 10.7476 | AN20: 14.7779 | AO20: 21.4951 | AP20: 14.7779 | AQ20: 14.7779 | AR20: 14.7779 | AS20: 17.4648 | AT20: 12.091 | AU20: 12.091 | AV20: 12.091 | AW20: 17.4648 | AX20: 5.3738 | AY20: 16.1213 | AZ20: 1.3434 | BA20: 10.7476 | BB20: 10.7476 | BC20: 10.7476 | BD20: 17.4648 | BE20: 18.8082 | BF20: 12.091 | BG20: 12.091 | BH20: 4.0303 | BI20: 9.4041 | BJ20: 9.4041 | BK20: 9.4041 | BL20: 10.7476 | BM20: 6.7172 | BN20: 13.4344 | BO20: 13.4344 | BP20: 20.1517 | BQ20: 13.4344 | BR20: 13.4344 | BS20: 12.091 | BT20: 5.3738 | BU20: 10.7476 | BV20: 12.091 | BW20: 12.091 | BX20: 5.3738 | BY20: 16.1213 | BZ20: 6.7172 | CA20: 18.8082 | CB20: 13.4344 | CC20: 17.4648 | CD20: 16.1213 | CE20: 10.7476 | CF20: 8.0607 | CG20: 10.7476 | CH20: 13.4344 | CI20: 12.091 | CJ20: 8.0607 | CK20: 9.4041 | CL20: 9.4041 | CM20: 24.182 | CN20: 14.7779 | CO20: 12.091 | CP20: 14.7779 | CQ20: 13.4344 | CR20: 10.7476 | CS20: 10.7476 | CT20: 9.4041 | CU20: 9.4041 | CV20: 10.7476 | CW20: 12.091 | CX20: 16.1213 | CY20: 14.7779 | CZ20: 17.4648 | DA20: 17.4648 | DB20: 12.091 | DC20: 9.4041 | DD20: 12.091 | DE20: 13.4344 | DF20: 10.7476 | DG20: 8.0607 | DH20: 8.0607 | DI20: 16.1213 | DJ20: 12.091 | DK20: 13.4344 | DL20: 17.4648
A21: Ireland | B21: 108.819 | C21: 116.8797 | D21: 116.8797 | E21: 115.5363 | F21: 112.8494 | G21: 110.1625 | H21: 111.5059 | I21: 112.8494 | J21: 106.1322 | K21: 107.4756 | L21: 110.1625 | M21: 95.3846 | N21: 92.6977 | O21: 116.8797 | P21: 102.1018 | Q21: 108.819 | R21: 103.4453 | S21: 103.4453 | T21: 103.4453 | U21: 96.728 | V21: 102.1018 | W21: 94.0411 | X21: 96.728 | Y21: 88.6674 | Z21: 85.9805 | AA21: 88.6674 | AB21: 87.3239 | AC21: 102.1018 | AD21: 95.3846 | AE21: 91.3543 | AF21: 95.3846 | AG21: 87.3239 | AH21: 90.0108 | AI21: 90.0108 | AJ21: 88.6674 | AK21: 83.2936 | AL21: 79.2633 | AM21: 88.6674 | AN21: 88.6674 | AO21: 92.6977 | AP21: 87.3239 | AQ21: 91.3543 | AR21: 91.3543 | AS21: 85.9805 | AT21: 87.3239 | AU21: 84.637 | AV21: 87.3239 | AW21: 77.9198 | AX21: 76.5764 | AY21: 68.5157 | AZ21: 25.5255 | BA21: 47.0206 | BB21: 57.7681 | BC21: 77.9198 | BD21: 76.5764 | BE21: 77.9198 | BF21: 60.455 | BG21: 49.7075 | BH21: 73.8895 | BI21: 37.6165 | BJ21: 40.3033 | BK21: 56.4247 | BL21: 65.8288 | BM21: 69.8591 | BN21: 79.2633 | BO21: 83.2936 | BP21: 77.9198 | BQ21: 81.9501 | BR21: 79.2633 | BS21: 71.2026 | BT21: 73.8895 | BU21: 65.8288 | BV21: 65.8288 | BW21: 79.2633 | BX21: 77.9198 | BY21: 79.2633 | BZ21: 77.9198 | CA21: 79.2633 | CB21: 80.6067 | CC21: 80.6067 | CD21: 79.2633 | CE21: 79.2633 | CF21: 79.2633 | CG21: 72.546 | CH21: 75.2329 | CI21: 83.2936 | CJ21: 81.9501 | CK21: 98.0715 | CL21: 81.9501 | CM21: 85.9805 | CN21: 98.0715 | CO21: 79.2633 | CP21: 84.637 | CQ21: 84.637 | CR21: 83.2936 | CS21: 81.9501 | CT21: 77.9198 | CU21: 92.6977 | CV21: 83.2936 | CW21: 96.728 | CX21: 87.3239 | CY21: 96.728 | CZ21: 90.0108 | DA21: 91.3543 | DB21: 92.6977 | DC21: 87.3239 | DD21: 91.3543 | DE21: 81.9501 | DF21: 81.9501 | DG21: 92.6977 | DH21: 94.0411 | DI21: 102.1018 | DJ21: 92.6977 | DK21: 98.0715 | DL21: 98.0715
A22: Italy | B22: 955.1894 | C22: 1038.483 | D22: 1008.927 | E22: 1070.726 | F22: 995.4927 | G22: 1094.908 | H22: 1081.473 | I22: 1039.826 | J22: 945.7852 | K22: 874.5827 | L22: 968.6238 | M22: 854.431 | N22: 840.9965 | O22: 988.7755 | P22: 990.1189 | Q22: 963.25 | R22: 1054.604 | S22: 1057.291 | T22: 1059.978 | U22: 926.977 | V22: 947.1287 | W22: 900.1081 | X22: 961.9066 | Y22: 901.4516 | Z22: 890.704 | AA22: 992.8058 | AB22: 973.9976 | AC22: 998.1796 | AD22: 1049.231 | AE22: 1082.817 | AF22: 1068.039 | AG22: 941.7549 | AH22: 994.1493 | AI22: 910.8557 | AJ22: 969.9672 | AK22: 724.1168 | AL22: 662.3184 | AM22: 768.4505 | AN22: 853.0875 | AO22: 807.4104 | AP22: 862.4917 | AQ22: 924.2901 | AR22: 881.2999 | AS22: 976.6845 | AT22: 1018.331 | AU22: 867.8654 | AV22: 898.7647 | AW22: 871.8958 | AX22: 818.158 | AY22: 541.4083 | AZ22: 382.8818 | BA22: 662.3184 | BB22: 854.431 | BC22: 1004.897 | BD22: 960.5631 | BE22: 952.5025 | BF22: 904.1384 | BG22: 702.6217 | BH22: 811.4407 | BI22: 654.2577 | BJ22: 771.1374 | BK22: 807.4104 | BL22: 822.1883 | BM22: 963.25 | BN22: 1047.887 | BO22: 1143.272 | BP22: 1076.099 | BQ22: 1002.21 | BR22: 1008.927 | BS22: 961.9066 | BT22: 980.7148 | BU22: 831.5924 | BV22: 877.2695 | BW22: 964.5935 | BX22: 967.2804 | BY22: 1016.988 | BZ22: 1025.049 | CA22: 1115.059 | CB22: 1106.999 | CC22: 1069.382 | CD22: 980.7148 | CE22: 994.1493 | CF22: 996.8361 | CG22: 857.1179 | CH22: 834.2793 | CI22: 983.4017 | CJ22: 947.1287 | CK22: 1058.635 | CL22: 1100.281 | CM22: 1117.746 | CN22: 1148.645 | CO22: 1049.231 | CP22: 1046.544 | CQ22: 980.7148 | CR22: 1029.079 | CS22: 964.5935 | CT22: 910.8557 | CU22: 1021.018 | CV22: 979.3714 | CW22: 1027.735 | CX22: 1026.392 | CY22: 1227.909 | CZ22: 1195.666 | DA22: 1077.443 | DB22: 1106.999 | DC22: 967.2804 | DD22: 978.0279 | DE22: 955.1894 | DF22: 908.1688 | DG22: 1002.21 | DH22: 1058.635 | DI22: 1077.443 | DJ22: 1117.746 | DK22: 1166.11 | DL22: 1070.726
A23: Kazakhstan | B23: - | C23: - | D23: - | E23: - | F23: - | G23: - | H23: - | I23: - | J23: - | K23: - | L23: - | M23: - | N23: - | O23: - | P23: - | Q23: - | R23: - | S23: - | T23: - | U23: - | V23: - | W23: - | X23: - | Y23: - | Z23: - | AA23: - | AB23: - | AC23: - | AD23: - | AE23: - | AF23: - | AG23: - | AH23: - | AI23: - | AJ23: - | AK23: - | AL23: - | AM23: - | AN23: - | AO23: - | AP23: - | AQ23: - | AR23: - | AS23: - | AT23: - | AU23: - | AV23: - | AW23: - | AX23: - | AY23: - | AZ23: - | BA23: - | BB23: - | BC23: - | BD23: - | BE23: - | BF23: - | BG23: - | BH23: - | BI23: - | BJ23: - | BK23: - | BL23: - | BM23: - | BN23: - | BO23: - | BP23: - | BQ23: - | BR23: - | BS23: - | BT23: - | BU23: - | BV23: - | BW23: - | BX23: - | BY23: - | BZ23: - | CA23: - | CB23: - | CC23: - | CD23: - | CE23: - | CF23: - | CG23: - | CH23: - | CI23: - | CJ23: - | CK23: - | CL23: - | CM23: - | CN23: - | CO23: - | CP23: - | CQ23: - | CR23: - | CS23: - | CT23: - | CU23: - | CV23: - | CW23: - | CX23: - | CY23: - | CZ23: - | DA23: - | DB23: - | DC23: - | DD23: - | DE23: - | DF23: - | DG23: - | DH23: - | DI23: - | DJ23: - | DK23: - | DL23: -
A24: Latvia | B24: 17.4648 | C24: 20.1517 | D24: 21.4951 | E24: 25.5255 | F24: 25.5255 | G24: 25.5255 | H24: 26.8689 | I24: 22.8386 | J24: 21.4951 | K24: 18.8082 | L24: 20.1517 | M24: 17.4648 | N24: 17.4648 | O24: 18.8082 | P24: 20.1517 | Q24: 24.182 | R24: 22.8386 | S24: 24.182 | T24: 25.5255 | U24: 21.4951 | V24: 21.4951 | W24: 18.8082 | X24: 20.1517 | Y24: 17.4648 | Z24: 16.1213 | AA24: 18.8082 | AB24: 20.1517 | AC24: 22.8386 | AD24: 22.8386 | AE24: 24.182 | AF24: 24.182 | AG24: 21.4951 | AH24: 20.1517 | AI24: 18.8082 | AJ24: 18.8082 | AK24: 16.1213 | AL24: 17.4648 | AM24: 18.8082 | AN24: 17.4648 | AO24: 22.8386 | AP24: 22.8386 | AQ24: 22.8386 | AR24: 22.8386 | AS24: 18.8082 | AT24: 18.8082 | AU24: 16.1213 | AV24: 18.8082 | AW24: 16.1213 | AX24: 14.7779 | AY24: 16.1213 | AZ24: 14.7779 | BA24: 20.1517 | BB24: 21.4951 | BC24: 22.8386 | BD24: 22.8386 | BE24: 18.8082 | BF24: 18.8082 | BG24: 16.1213 | BH24: 16.1213 | BI24: 13.4344 | BJ24: 13.4344 | BK24: 14.7779 | BL24: 17.4648 | BM24: 20.1517 | BN24: 21.4951 | BO24: 21.4951 | BP24: 22.8386 | BQ24: 18.8082 | BR24: 18.8082 | BS24: 14.7779 | BT24: 17.4648 | BU24: 14.7779 | BV24: 13.4344 | BW24: 17.4648 | BX24: 14.7779 | BY24: 18.8082 | BZ24: 20.1517 | CA24: 20.1517 | CB24: 20.1517 | CC24: 17.4648 | CD24: 17.4648 | CE24: 14.7779 | CF24: 16.1213 | CG24: 14.7779 | CH24: 13.4344 | CI24: 16.1213 | CJ24: 16.1213 | CK24: 21.4951 | CL24: 20.1517 | CM24: 20.1517 | CN24: 21.4951 | CO24: 18.8082 | CP24: 17.4648 | CQ24: 16.1213 | CR24: 16.1213 | CS24: 16.1213 | CT24: 14.7779 | CU24: 16.1213 | CV24: 17.4648 | CW24: 20.1517 | CX24: 21.4951 | CY24: 21.4951 | CZ24: 22.8386 | DA24: 20.1517 | DB24: 17.4648 | DC24: 16.1213 | DD24: 17.4648 | DE24: 14.7779 | DF24: 14.7779 | DG24: 17.4648 | DH24: 17.4648 | DI24: 20.1517 | DJ24: 21.4951 | DK24: 22.8386 | DL24: 22.8386
A25: Lithuania | B25: 17.4648 | C25: 21.4951 | D25: 28.2123 | E25: 26.8689 | F25: 26.8689 | G25: 28.2123 | H25: 29.5558 | I25: 26.8689 | J25: 25.5255 | K25: 25.5255 | L25: 24.182 | M25: 21.4951 | N25: 18.8082 | O25: 22.8386 | P25: 21.4951 | Q25: 28.2123 | R25: 24.182 | S25: 28.2123 | T25: 26.8689 | U25: 25.5255 | V25: 24.182 | W25: 22.8386 | X25: 24.182 | Y25: 20.1517 | Z25: 22.8386 | AA25: 24.182 | AB25: 25.5255 | AC25: 28.2123 | AD25: 32.2427 | AE25: 28.2123 | AF25: 32.2427 | AG25: 25.5255 | AH25: 25.5255 | AI25: 24.182 | AJ25: 25.5255 | AK25: 22.8386 | AL25: 20.1517 | AM25: 22.8386 | AN25: 28.2123 | AO25: 26.8689 | AP25: 28.2123 | AQ25: 29.5558 | AR25: 29.5558 | AS25: 29.5558 | AT25: 29.5558 | AU25: 25.5255 | AV25: 28.2123 | AW25: 24.182 | AX25: 24.182 | AY25: 21.4951 | AZ25: 20.1517 | BA25: 37.6165 | BB25: 33.5861 | BC25: 34.9296 | BD25: 34.9296 | BE25: 34.9296 | BF25: 29.5558 | BG25: 24.182 | BH25: 21.4951 | BI25: 18.8082 | BJ25: 20.1517 | BK25: 22.8386 | BL25: 26.8689 | BM25: 22.8386 | BN25: 37.6165 | BO25: 38.9599 | BP25: 36.273 | BQ25: 33.5861 | BR25: 32.2427 | BS25: 26.8689 | BT25: 30.8992 | BU25: 26.8689 | BV25: 25.5255 | BW25: 28.2123 | BX25: 30.8992 | BY25: 34.9296 | BZ25: 34.9296 | CA25: 37.6165 | CB25: 36.273 | CC25: 32.2427 | CD25: 32.2427 | CE25: 29.5558 | CF25: 30.8992 | CG25: 29.5558 | CH25: 26.8689 | CI25: 30.8992 | CJ25: 34.9296 | CK25: 37.6165 | CL25: 38.9599 | CM25: 37.6165 | CN25: 40.3033 | CO25: 36.273 | CP25: 36.273 | CQ25: 30.8992 | CR25: 34.9296 | CS25: 32.2427 | CT25: 28.2123 | CU25: 34.9296 | CV25: 36.273 | CW25: 42.9902 | CX25: 38.9599 | CY25: 45.6771 | CZ25: 48.364 | DA25: 37.6165 | DB25: 38.9599 | DC25: 36.273 | DD25: 34.9296 | DE25: 26.8689 | DF25: 33.5861 | DG25: 34.9296 | DH25: 38.9599 | DI25: 42.9902 | DJ25: 42.9902 | DK25: 45.6771 | DL25: 48.364
A26: Luxembourg | B26: 25.5255 | C26: 30.8992 | D26: 33.5861 | E26: 41.6468 | F26: 32.2427 | G26: 36.273 | H26: 38.9599 | I26: 33.5861 | J26: 33.5861 | K26: 29.5558 | L26: 33.5861 | M26: 30.8992 | N26: 29.5558 | O26: 29.5558 | P26: 34.9296 | Q26: 37.6165 | R26: 36.273 | S26: 38.9599 | T26: 38.9599 | U26: 34.9296 | V26: 36.273 | W26: 32.2427 | X26: 29.5558 | Y26: 30.8992 | Z26: 29.5558 | AA26: 33.5861 | AB26: 36.273 | AC26: 41.6468 | AD26: 38.9599 | AE26: 41.6468 | AF26: 41.6468 | AG26: 37.6165 | AH26: 40.3033 | AI26: 37.6165 | AJ26: 38.9599 | AK26: 34.9296 | AL26: 32.2427 | AM26: 36.273 | AN26: 42.9902 | AO26: 42.9902 | AP26: 42.9902 | AQ26: 47.0206 | AR26: 44.3337 | AS26: 40.3033 | AT26: 41.6468 | AU26: 37.6165 | AV26: 38.9599 | AW26: 40.3033 | AX26: 30.8992 | AY26: 26.8689 | AZ26: 9.4041 | BA26: 20.1517 | BB26: 34.9296 | BC26: 41.6468 | BD26: 37.6165 | BE26: 37.6165 | BF26: 34.9296 | BG26: 26.8689 | BH26: 30.8992 | BI26: 25.5255 | BJ26: 25.5255 | BK26: 30.8992 | BL26: 30.8992 | BM26: 37.6165 | BN26: 40.3033 | BO26: 47.0206 | BP26: 49.7075 | BQ26: 45.6771 | BR26: 42.9902 | BS26: 40.3033 | BT26: 37.6165 | BU26: 36.273 | BV26: 34.9296 | BW26: 41.6468 | BX26: 41.6468 | BY26: 44.3337 | BZ26: 34.9296 | CA26: 38.9599 | CB26: 40.3033 | CC26: 37.6165 | CD26: 37.6165 | CE26: 34.9296 | CF26: 40.3033 | CG26: 34.9296 | CH26: 36.273 | CI26: 41.6468 | CJ26: 40.3033 | CK26: 47.0206 | CL26: 45.6771 | CM26: 48.364 | CN26: 48.364 | CO26: 44.3337 | CP26: 44.3337 | CQ26: 41.6468 | CR26: 41.6468 | CS26: 36.273 | CT26: 41.6468 | CU26: 42.9902 | CV26: 45.6771 | CW26: 48.364 | CX26: 44.3337 | CY26: 52.3944 | CZ26: 51.0509 | DA26: 44.3337 | DB26: 47.0206 | DC26: 42.9902 | DD26: 44.3337 | DE26: 44.3337 | DF26: 36.273 | DG26: 45.6771 | DH26: 48.364 | DI26: 49.7075 | DJ26: 47.0206 | DK26: 52.3944 | DL26: 48.364
A27: North Macedonia | B27: 9.4598 | C27: 9.4598 | D27: 12.1625 | E27: 10.8112 | F27: 13.5139 | G27: 14.8653 | H27: 16.2167 | I27: 12.1625 | J27: 10.8112 | K27: 10.8112 | L27: 12.1625 | M27: 6.757 | N27: 8.1084 | O27: 9.4598 | P27: 12.1625 | Q27: 10.8112 | R27: 12.1625 | S27: 14.8653 | T27: 16.2167 | U27: 12.1625 | V27: 12.1625 | W27: 10.8112 | X27: 12.1625 | Y27: 9.4598 | Z27: 8.1084 | AA27: 9.4598 | AB27: 10.8112 | AC27: 10.8112 | AD27: 12.1625 | AE27: 14.8653 | AF27: 16.2167 | AG27: 12.1625 | AH27: 10.8112 | AI27: 9.4598 | AJ27: 12.1625 | AK27: 10.8112 | AL27: 8.1084 | AM27: 9.4598 | AN27: 12.1625 | AO27: 10.8112 | AP27: 12.1625 | AQ27: 16.2167 | AR27: 21.6223 | AS27: 5.4056 | AT27: 10.8112 | AU27: 9.4598 | AV27: 10.8112 | AW27: 10.8112 | AX27: 8.1084 | AY27: 8.1084 | AZ27: 5.4056 | BA27: 6.757 | BB27: 6.757 | BC27: 9.4598 | BD27: 9.4598 | BE27: 12.1625 | BF27: 8.1084 | BG27: 8.1084 | BH27: 8.1084 | BI27: 6.757 | BJ27: 8.1084 | BK27: 6.757 | BL27: 6.757 | BM27: 9.4598 | BN27: 10.8112 | BO27: 13.5139 | BP27: 16.2167 | BQ27: 8.1084 | BR27: 9.4598 | BS27: 5.4056 | BT27: 10.8112 | BU27: 8.1084 | BV27: 8.1084 | BW27: 8.1084 | BX27: 10.8112 | BY27: 12.1625 | BZ27: 13.5139 | CA27: 13.5139 | CB27: 14.8653 | CC27: 10.8112 | CD27: - | CE27: - | CF27: - | CG27: - | CH27: - | CI27: - | CJ27: - | CK27: - | CL27: - | CM27: - | CN27: - | CO27: - | CP27: - | CQ27: - | CR27: - | CS27: - | CT27: - | CU27: - | CV27: - | CW27: - | CX27: - | CY27: - | CZ27: - | DA27: - | DB27: - | DC27: - | DD27: - | DE27: - | DF27: - | DG27: - | DH27: - | DI27: - | DJ27: - | DK27: - | DL27: -
A28: Malta | B28: 6.7172 | C28: 8.0607 | D28: 8.0607 | E28: 8.0607 | F28: 8.0607 | G28: 9.4041 | H28: 9.4041 | I28: 9.4041 | J28: 9.4041 | K28: 9.4041 | L28: 8.0607 | M28: 8.0607 | N28: 8.0607 | O28: 8.0607 | P28: 8.0607 | Q28: - | R28: 9.4041 | S28: 9.4041 | T28: 9.4041 | U28: 8.0607 | V28: 9.4041 | W28: 8.0607 | X28: 8.0607 | Y28: 8.0607 | Z28: 8.0607 | AA28: 8.0607 | AB28: 8.0607 | AC28: 8.0607 | AD28: 9.4041 | AE28: 9.4041 | AF28: 9.4041 | AG28: 9.4041 | AH28: 12.091 | AI28: 17.4648 | AJ28: 12.091 | AK28: -8.0607 | AL28: 12.091 | AM28: -4.0303 | AN28: 69.8591 | AO28: 18.8082 | AP28: 21.4951 | AQ28: 0 | AR28: 10.7476 | AS28: 9.4041 | AT28: 8.0607 | AU28: 10.7476 | AV28: 13.4344 | AW28: 8.0607 | AX28: 8.0607 | AY28: 6.7172 | AZ28: 5.3738 | BA28: 5.3738 | BB28: 8.0607 | BC28: 10.7476 | BD28: 9.4041 | BE28: 8.0607 | BF28: 8.0607 | BG28: 8.0607 | BH28: 8.0607 | BI28: 6.7172 | BJ28: 6.7172 | BK28: 6.7172 | BL28: 8.0607 | BM28: 8.0607 | BN28: 9.4041 | BO28: 10.7476 | BP28: 10.7476 | BQ28: 9.4041 | BR28: 8.0607 | BS28: 9.4041 | BT28: 8.0607 | BU28: 6.7172 | BV28: 8.0607 | BW28: 9.4041 | BX28: 8.0607 | BY28: 9.4041 | BZ28: 10.7476 | CA28: 10.7476 | CB28: 12.091 | CC28: 9.4041 | CD28: 9.4041 | CE28: 9.4041 | CF28: 9.4041 | CG28: 8.0607 | CH28: 8.0607 | CI28: 9.4041 | CJ28: 9.4041 | CK28: 9.4041 | CL28: 10.7476 | CM28: 12.091 | CN28: 12.091 | CO28: 9.4041 | CP28: 10.7476 | CQ28: 9.4041 | CR28: 9.4041 | CS28: 8.0607 | CT28: 8.0607 | CU28: 9.4041 | CV28: 9.4041 | CW28: 10.7476 | CX28: 9.4041 | CY28: 12.091 | CZ28: 12.091 | DA28: 9.4041 | DB28: 10.7476 | DC28: 9.4041 | DD28: 9.4041 | DE28: 9.4041 | DF28: 8.0607 | DG28: 9.4041 | DH28: 10.7476 | DI28: 10.7476 | DJ28: 10.7476 | DK28: 12.091 | DL28: -
A29: Moldova | B29: 14.8653 | C29: 17.5681 | D29: 18.9195 | E29: 18.9195 | F29: 18.9195 | G29: 20.2709 | H29: 20.2709 | I29: 20.2709 | J29: 20.2709 | K29: 20.2709 | L29: 20.2709 | M29: 17.5681 | N29: 14.8653 | O29: 16.2167 | P29: 18.9195 | Q29: 18.9195 | R29: 20.2709 | S29: 17.5681 | T29: 22.9737 | U29: 24.3251 | V29: 21.6223 | W29: 20.2709 | X29: 20.2709 | Y29: 17.5681 | Z29: 14.8653 | AA29: 16.2167 | AB29: 20.2709 | AC29: 20.2709 | AD29: 17.5681 | AE29: 18.9195 | AF29: 22.9737 | AG29: 18.9195 | AH29: 20.2709 | AI29: 21.6223 | AJ29: 20.2709 | AK29: 18.9195 | AL29: 16.2167 | AM29: 21.6223 | AN29: 20.2709 | AO29: 21.6223 | AP29: 18.9195 | AQ29: 20.2709 | AR29: 21.6223 | AS29: 20.2709 | AT29: 20.2709 | AU29: 18.9195 | AV29: 27.0279 | AW29: 17.5681 | AX29: 16.2167 | AY29: 14.8653 | AZ29: 13.5139 | BA29: 17.5681 | BB29: 22.9737 | BC29: 18.9195 | BD29: 20.2709 | BE29: 20.2709 | BF29: 20.2709 | BG29: 20.2709 | BH29: 25.6765 | BI29: 17.5681 | BJ29: 16.2167 | BK29: 17.5681 | BL29: 18.9195 | BM29: 20.2709 | BN29: 21.6223 | BO29: 21.6223 | BP29: 22.9737 | BQ29: 21.6223 | BR29: 21.6223 | BS29: 25.6765 | BT29: 21.6223 | BU29: 17.5681 | BV29: 17.5681 | BW29: 20.2709 | BX29: 25.6765 | BY29: 21.6223 | BZ29: 18.9195 | CA29: 25.6765 | CB29: 24.3251 | CC29: 27.0279 | CD29: 27.0279 | CE29: 28.3793 | CF29: 25.6765 | CG29: 25.6765 | CH29: 20.2709 | CI29: 18.9195 | CJ29: 20.2709 | CK29: 33.7849 | CL29: 18.9195 | CM29: 22.9737 | CN29: 18.9195 | CO29: 12.1625 | CP29: 20.2709 | CQ29: 21.6223 | CR29: 18.9195 | CS29: 24.3251 | CT29: 18.9195 | CU29: 18.9195 | CV29: 17.5681 | CW29: 21.6223 | CX29: 22.9737 | CY29: 24.3251 | CZ29: 20.2709 | DA29: 31.0821 | DB29: 18.9195 | DC29: 17.5681 | DD29: 22.9737 | DE29: 21.6223 | DF29: 17.5681 | DG29: 22.9737 | DH29: 18.9195 | DI29: 22.9737 | DJ29: 21.6223 | DK29: 25.6765 | DL29: -
A30: Netherlands | B30: 419.1548 | C30: 454.0844 | D30: 458.1147 | E30: 446.0237 | F30: 460.8016 | G30: 439.3065 | H30: 463.4885 | I30: 452.7409 | J30: 452.7409 | K30: 478.2664 | L30: 458.1147 | M30: 447.3672 | N30: 417.8114 | O30: 484.9836 | P30: 440.6499 | Q30: 476.923 | R30: 471.5492 | S30: 441.9934 | T30: 459.4582 | U30: 443.3368 | V30: 474.2361 | W30: 480.9533 | X30: 464.832 | Y30: 462.1451 | Z30: 436.6196 | AA30: 490.3574 | AB30: 464.832 | AC30: 491.7008 | AD30: 467.5188 | AE30: 470.2057 | AF30: 451.3975 | AG30: 447.3672 | AH30: 498.4181 | AI30: 505.1353 | AJ30: 505.1353 | AK30: 490.3574 | AL30: 450.0541 | AM30: 489.014 | AN30: 491.7008 | AO30: 507.8222 | AP30: 466.1754 | AQ30: 490.3574 | AR30: 455.4278 | AS30: 464.832 | AT30: 511.8525 | AU30: 497.0746 | AV30: 502.4484 | AW30: 486.3271 | AX30: 454.0844 | AY30: 386.9121 | AZ30: 288.8407 | BA30: 389.599 | BB30: 413.781 | BC30: 452.7409 | BD30: 427.2155 | BE30: 448.7106 | BF30: 417.8114 | BG30: 399.0031 | BH30: 411.0942 | BI30: 342.5785 | BJ30: 333.1743 | BK30: 417.8114 | BL30: 429.9024 | BM30: 441.9934 | BN30: 463.4885 | BO30: 476.923 | BP30: 436.6196 | BQ30: 456.7713 | BR30: 460.8016 | BS30: 437.9631 | BT30: 432.5893 | BU30: 378.8515 | BV30: 390.9425 | BW30: 413.781 | BX30: 452.7409 | BY30: 462.1451 | BZ30: 435.2762 | CA30: 423.1852 | CB30: 419.1548 | CC30: 456.7713 | CD30: 459.4582 | CE30: 484.9836 | CF30: 499.7615 | CG30: 471.5492 | CH30: 455.4278 | CI30: 523.9435 | CJ30: 507.8222 | CK30: 476.923 | CL30: 521.2566 | CM30: 412.4376 | CN30: 437.9631 | CO30: 450.0541 | CP30: 455.4278 | CQ30: 467.5188 | CR30: 482.2967 | CS30: 476.923 | CT30: 454.0844 | CU30: 475.5795 | CV30: 470.2057 | CW30: 474.2361 | CX30: 451.3975 | CY30: 482.2967 | CZ30: 437.9631 | DA30: 451.3975 | DB30: 498.4181 | DC30: 464.832 | DD30: 475.5795 | DE30: 464.832 | DF30: 439.3065 | DG30: 474.2361 | DH30: 476.923 | DI30: 497.0746 | DJ30: 479.6098 | DK30: 487.6705 | DL30: 444.6803
A31: Norway | B31: 85.9805 | C31: 90.0108 | D31: 88.6674 | E31: 104.7887 | F31: 108.819 | G31: 114.1928 | H31: 110.1625 | I31: 95.3846 | J31: 95.3846 | K31: 81.9501 | L31: 84.637 | M31: 83.2936 | N31: 77.9198 | O31: 84.637 | P31: 90.0108 | Q31: 103.4453 | R31: 103.4453 | S31: 115.5363 | T31: 103.4453 | U31: 90.0108 | V31: 88.6674 | W31: 88.6674 | X31: 85.9805 | Y31: 81.9501 | Z31: 84.637 | AA31: 87.3239 | AB31: 85.9805 | AC31: 100.7584 | AD31: 103.4453 | AE31: 114.1928 | AF31: 99.4149 | AG31: 87.3239 | AH31: 85.9805 | AI31: 77.9198 | AJ31: 83.2936 | AK31: 75.2329 | AL31: 71.2026 | AM31: 76.5764 | AN31: 87.3239 | AO31: 91.3543 | AP31: 96.728 | AQ31: 108.819 | AR31: 96.728 | AS31: 84.637 | AT31: 79.2633 | AU31: 75.2329 | AV31: 76.5764 | AW31: 72.546 | AX31: 72.546 | AY31: 65.8288 | AZ31: 64.4854 | BA31: 80.6067 | BB31: 99.4149 | BC31: 108.819 | BD31: 99.4149 | BE31: 81.9501 | BF31: 79.2633 | BG31: 67.1722 | BH31: 69.8591 | BI31: 67.1722 | BJ31: 65.8288 | BK31: 72.546 | BL31: 69.8591 | BM31: 84.637 | BN31: 94.0411 | BO31: 112.8494 | BP31: 95.3846 | BQ31: 80.6067 | BR31: 76.5764 | BS31: 72.546 | BT31: 72.546 | BU31: 63.1419 | BV31: 63.1419 | BW31: 75.2329 | BX31: 75.2329 | BY31: 79.2633 | BZ31: 90.0108 | CA31: 96.728 | CB31: 87.3239 | CC31: 76.5764 | CD31: 71.2026 | CE31: 68.5157 | CF31: 71.2026 | CG31: 63.1419 | CH31: 64.4854 | CI31: 72.546 | CJ31: 73.8895 | CK31: 81.9501 | CL31: 88.6674 | CM31: 94.0411 | CN31: 83.2936 | CO31: 72.546 | CP31: 73.8895 | CQ31: 64.4854 | CR31: 71.2026 | CS31: 63.1419 | CT31: 64.4854 | CU31: 68.5157 | CV31: 67.1722 | CW31: 79.2633 | CX31: 80.6067 | CY31: 91.3543 | CZ31: 81.9501 | DA31: 72.546 | DB31: 65.8288 | DC31: 59.1116 | DD31: 65.8288 | DE31: 59.1116 | DF31: 59.1116 | DG31: 64.4854 | DH31: 68.5157 | DI31: 73.8895 | DJ31: 77.9198 | DK31: 94.0411 | DL31: 94.0411
A32: Poland | B32: 386.9121 | C32: 428.5589 | D32: 468.8623 | E32: 435.2762 | F32: 478.2664 | G32: 468.8623 | H32: 513.196 | I32: 480.9533 | J32: 475.5795 | K32: 448.7106 | L32: 467.5188 | M32: 439.3065 | N32: 419.1548 | O32: 439.3065 | P32: 474.2361 | Q32: 521.2566 | R32: 513.196 | S32: 522.6001 | T32: 536.0345 | U32: 483.6402 | V32: 518.5697 | W32: 419.1548 | X32: 484.9836 | Y32: 451.3975 | Z32: 417.8114 | AA32: 497.0746 | AB32: 514.5394 | AC32: 545.4386 | AD32: 523.9435 | AE32: 538.7214 | AF32: 565.5903 | AG32: 523.9435 | AH32: 548.1255 | AI32: 494.3877 | AJ32: 540.0649 | AK32: 456.7713 | AL32: 436.6196 | AM32: 495.7312 | AN32: 541.4083 | AO32: 550.8124 | AP32: 556.1862 | AQ32: 577.6813 | AR32: 573.651 | AS32: 533.3476 | AT32: 566.9338 | AU32: 503.7919 | AV32: 515.8829 | AW32: 494.3877 | AX32: 467.5188 | AY32: 423.1852 | AZ32: 333.1743 | BA32: 428.5589 | BB32: 545.4386 | BC32: 588.4289 | BD32: 611.2674 | BE32: 527.9739 | BF32: 534.6911 | BG32: 443.3368 | BH32: 478.2664 | BI32: 444.6803 | BJ32: 388.2556 | BK32: 464.832 | BL32: 468.8623 | BM32: 560.2165 | BN32: 613.9543 | BO32: 642.1667 | BP32: 638.1363 | BQ32: 570.9641 | BR32: 556.1862 | BS32: 521.2566 | BT32: 564.2469 | BU32: 484.9836 | BV32: 534.6911 | BW32: 595.1461 | BX32: 564.2469 | BY32: 654.2577 | BZ32: 608.5806 | CA32: 604.5502 | CB32: 632.7626 | CC32: 533.3476 | CD32: 573.651 | CE32: 577.6813 | CF32: 592.4592 | CG32: 495.7312 | CH32: 494.3877 | CI32: 580.3682 | CJ32: 603.2068 | CK32: 673.0659 | CL32: 608.5806 | CM32: 669.0356 | CN32: 678.4397 | CO32: 644.8536 | CP32: 707.9955 | CQ32: 573.651 | CR32: 581.7117 | CS32: 599.1764 | CT32: 556.1862 | CU32: 592.4592 | CV32: 648.8839 | CW32: 685.1569 | CX32: 690.5307 | CY32: 729.4906 | CZ32: 685.1569 | DA32: 658.288 | DB32: 656.9446 | DC32: 603.2068 | DD32: 635.4495 | DE32: 612.6109 | DF32: 546.7821 | DG32: 615.2978 | DH32: 702.6217 | DI32: 755.0161 | DJ32: 724.1168 | DK32: 752.3292 | DL32: 745.6119
A33: Portugal | B33: 104.7887 | C33: 122.2535 | D33: 116.8797 | E33: 116.8797 | F33: 118.2232 | G33: 130.3142 | H33: 142.4052 | I33: 120.91 | J33: 114.1928 | K33: 111.5059 | L33: 106.1322 | M33: 104.7887 | N33: 102.1018 | O33: 114.1928 | P33: 110.1625 | Q33: 119.5666 | R33: 119.5666 | S33: 127.6273 | T33: 137.0314 | U33: 118.2232 | V33: 114.1928 | W33: 104.7887 | X33: 116.8797 | Y33: 103.4453 | Z33: 90.0108 | AA33: 111.5059 | AB33: 108.819 | AC33: 119.5666 | AD33: 114.1928 | AE33: 126.2838 | AF33: 135.6879 | AG33: 114.1928 | AH33: 115.5363 | AI33: 104.7887 | AJ33: 118.2232 | AK33: 104.7887 | AL33: 95.3846 | AM33: 114.1928 | AN33: 114.1928 | AO33: 116.8797 | AP33: 116.8797 | AQ33: 134.3445 | AR33: 141.0617 | AS33: 114.1928 | AT33: 115.5363 | AU33: 110.1625 | AV33: 122.2535 | AW33: 111.5059 | AX33: 106.1322 | AY33: 87.3239 | AZ33: 48.364 | BA33: 83.2936 | BB33: 98.0715 | BC33: 118.2232 | BD33: 128.9707 | BE33: 110.1625 | BF33: 106.1322 | BG33: 92.6977 | BH33: 98.0715 | BI33: 75.2329 | BJ33: 64.4854 | BK33: 83.2936 | BL33: 96.728 | BM33: 112.8494 | BN33: 116.8797 | BO33: 123.5969 | BP33: 135.6879 | BQ33: 116.8797 | BR33: 119.5666 | BS33: 128.9707 | BT33: 118.2232 | BU33: 106.1322 | BV33: 95.3846 | BW33: 119.5666 | BX33: 104.7887 | BY33: 123.5969 | BZ33: 124.9404 | CA33: 138.3748 | CB33: 161.2134 | CC33: 128.9707 | CD33: 124.9404 | CE33: 130.3142 | CF33: 124.9404 | CG33: 118.2232 | CH33: 108.819 | CI33: 130.3142 | CJ33: 124.9404 | CK33: 143.7486 | CL33: 130.3142 | CM33: 158.5265 | CN33: 155.8396 | CO33: 130.3142 | CP33: 134.3445 | CQ33: 126.2838 | CR33: 134.3445 | CS33: 120.91 | CT33: 120.91 | CU33: 106.1322 | CV33: 134.3445 | CW33: 145.0921 | CX33: 143.7486 | CY33: 158.5265 | CZ33: 174.6478 | DA33: 143.7486 | DB33: 146.4355 | DC33: 137.0314 | DD33: 147.7789 | DE33: 120.91 | DF33: 124.9404 | DG33: 141.0617 | DH33: 145.0921 | DI33: 138.3748 | DJ33: 159.8699 | DK33: 173.3044 | DL33: 180.0216
A34: Romania | B34: 128.9707 | C34: 139.7183 | D34: 153.1527 | E34: 151.8093 | F34: 151.8093 | G34: 175.9913 | H34: 200.1733 | I34: 163.9003 | J34: 158.5265 | K34: 151.8093 | L34: 134.3445 | M34: 142.4052 | N34: 122.2535 | O34: 145.0921 | P34: 159.8699 | Q34: 175.9913 | R34: 161.2134 | S34: 166.5872 | T34: 209.5774 | U34: 123.5969 | V34: 202.8602 | W34: 122.2535 | X34: 192.1126 | Y34: 137.0314 | Z34: 119.5666 | AA34: 141.0617 | AB34: 150.4658 | AC34: 157.1831 | AD34: 131.6576 | AE34: 169.2741 | AF34: 210.9209 | AG34: 166.5872 | AH34: 173.3044 | AI34: 137.0314 | AJ34: 118.2232 | AK34: 145.0921 | AL34: 149.1224 | AM34: 135.6879 | AN34: 159.8699 | AO34: 134.3445 | AP34: 145.0921 | AQ34: 241.8201 | AR34: 185.3954 | AS34: 166.5872 | AT34: 155.8396 | AU34: 108.819 | AV34: 173.3044 | AW34: 123.5969 | AX34: 174.6478 | AY34: 147.7789 | AZ34: 45.6771 | BA34: 124.9404 | BB34: 166.5872 | BC34: 110.1625 | BD34: 189.4257 | BE34: 158.5265 | BF34: 174.6478 | BG34: 153.1527 | BH34: 80.6067 | BI34: 209.5774 | BJ34: 34.9296 | BK34: 170.6175 | BL34: 64.4854 | BM34: 291.5276 | BN34: 137.0314 | BO34: 189.4257 | BP34: 197.4864 | BQ34: 155.8396 | BR34: 124.9404 | BS34: 198.8299 | BT34: 143.7486 | BU34: 135.6879 | BV34: 142.4052 | BW34: 154.4962 | BX34: 87.3239 | BY34: 231.0725 | BZ34: 123.5969 | CA34: 189.4257 | CB34: 185.3954 | CC34: 159.8699 | CD34: 134.3445 | CE34: 131.6576 | CF34: 182.7085 | CG34: 155.8396 | CH34: 151.8093 | CI34: 175.9913 | CJ34: 173.3044 | CK34: 155.8396 | CL34: 142.4052 | CM34: 170.6175 | CN34: 206.8905 | CO34: 167.9306 | CP34: 165.2437 | CQ34: 150.4658 | CR34: 173.3044 | CS34: 115.5363 | CT34: 175.9913 | CU34: 196.143 | CV34: 193.4561 | CW34: 126.2838 | CX34: 204.2036 | CY34: 181.3651 | CZ34: 206.8905 | DA34: 165.2437 | DB34: 166.5872 | DC34: 193.4561 | DD34: 165.2437 | DE34: 161.2134 | DF34: 123.5969 | DG34: 166.5872 | DH34: 173.3044 | DI34: 173.3044 | DJ34: 190.7692 | DK34: - | DL34: -
A35: Russian Federation | B35: 3799 | C35: 4071 | D35: 3664 | E35: 3664 | F35: 3664 | G35: 4342 | H35: 4342 | I35: 3935 | J35: 4071 | K35: 3935 | L35: 3935 | M35: 3799 | N35: 3256 | O35: 3392 | P35: 3392 | Q35: 3799 | R35: 3528 | S35: 4478 | T35: 4342 | U35: 3935 | V35: 3799 | W35: 3799 | X35: 4071 | Y35: 3799 | Z35: 3256 | AA35: 3392 | AB35: 3528 | AC35: 3799 | AD35: 3935 | AE35: 4478 | AF35: 4478 | AG35: 3935 | AH35: 3799 | AI35: 4071 | AJ35: 4478 | AK35: 4071 | AL35: 3799 | AM35: 3799 | AN35: 3799 | AO35: 3799 | AP35: 3664 | AQ35: 4342 | AR35: 4613 | AS35: 4071 | AT35: 3799 | AU35: 3799 | AV35: 3799 | AW35: 3799 | AX35: 3799 | AY35: 3528 | AZ35: 2714 | BA35: 2714 | BB35: 3392 | BC35: 4342 | BD35: 4342 | BE35: 3799 | BF35: 3799 | BG35: 3799 | BH35: 4206 | BI35: 3935 | BJ35: 3528 | BK35: 3799 | BL35: - | BM35: 4071 | BN35: 4206 | BO35: 4206 | BP35: 4478 | BQ35: 4206 | BR35: 4071 | BS35: 4206 | BT35: 4613 | BU35: - | BV35: - | BW35: - | BX35: - | BY35: - | BZ35: - | CA35: - | CB35: - | CC35: - | CD35: - | CE35: - | CF35: - | CG35: - | CH35: - | CI35: - | CJ35: - | CK35: - | CL35: - | CM35: - | CN35: - | CO35: - | CP35: - | CQ35: - | CR35: - | CS35: - | CT35: - | CU35: - | CV35: - | CW35: - | CX35: - | CY35: - | CZ35: - | DA35: - | DB35: - | DC35: - | DD35: - | DE35: - | DF35: - | DG35: - | DH35: - | DI35: - | DJ35: - | DK35: - | DL35: -
A36: Serbia | B36: - | C36: - | D36: - | E36: - | F36: - | G36: - | H36: - | I36: - | J36: - | K36: - | L36: - | M36: - | N36: - | O36: - | P36: - | Q36: - | R36: - | S36: - | T36: - | U36: - | V36: - | W36: - | X36: - | Y36: - | Z36: - | AA36: - | AB36: - | AC36: - | AD36: - | AE36: - | AF36: - | AG36: - | AH36: - | AI36: - | AJ36: - | AK36: - | AL36: - | AM36: - | AN36: - | AO36: - | AP36: - | AQ36: - | AR36: - | AS36: - | AT36: - | AU36: - | AV36: - | AW36: - | AX36: - | AY36: - | AZ36: - | BA36: - | BB36: - | BC36: - | BD36: - | BE36: - | BF36: - | BG36: - | BH36: - | BI36: - | BJ36: - | BK36: - | BL36: - | BM36: - | BN36: - | BO36: - | BP36: - | BQ36: - | BR36: - | BS36: - | BT36: - | BU36: - | BV36: - | BW36: - | BX36: - | BY36: - | BZ36: - | CA36: - | CB36: - | CC36: - | CD36: - | CE36: - | CF36: - | CG36: - | CH36: - | CI36: - | CJ36: - | CK36: - | CL36: - | CM36: - | CN36: - | CO36: - | CP36: - | CQ36: - | CR36: - | CS36: 48.364 | CT36: 47.0206 | CU36: 53.7378 | CV36: 57.7681 | CW36: 57.7681 | CX36: 61.7985 | CY36: 64.4854 | CZ36: 65.8288 | DA36: 56.4247 | DB36: 57.7681 | DC36: 55.0812 | DD36: 57.7681 | DE36: 49.7075 | DF36: 49.7075 | DG36: 55.0812 | DH36: 59.1116 | DI36: 63.1419 | DJ36: 63.1419 | DK36: 67.1722 | DL36: -
A37: Slovakia | B37: 53.7378 | C37: 59.1116 | D37: 52.3944 | E37: 65.8288 | F37: 81.9501 | G37: 76.5764 | H37: 79.2633 | I37: 73.8895 | J37: 73.8895 | K37: 59.1116 | L37: 61.7985 | M37: 55.0812 | N37: 49.7075 | O37: 65.8288 | P37: 60.455 | Q37: 71.2026 | R37: 79.2633 | S37: 68.5157 | T37: 72.546 | U37: 57.7681 | V37: 79.2633 | W37: 55.0812 | X37: 67.1722 | Y37: 56.4247 | Z37: 52.3944 | AA37: 61.7985 | AB37: 65.8288 | AC37: 69.8591 | AD37: 69.8591 | AE37: 61.7985 | AF37: 72.546 | AG37: 57.7681 | AH37: 68.5157 | AI37: 72.546 | AJ37: 67.1722 | AK37: 56.4247 | AL37: 52.3944 | AM37: 63.1419 | AN37: 65.8288 | AO37: 68.5157 | AP37: 73.8895 | AQ37: 59.1116 | AR37: 71.2026 | AS37: 65.8288 | AT37: 69.8591 | AU37: 67.1722 | AV37: 61.7985 | AW37: 57.7681 | AX37: 59.1116 | AY37: 49.7075 | AZ37: 44.3337 | BA37: 56.4247 | BB37: 64.4854 | BC37: 73.8895 | BD37: 73.8895 | BE37: 67.1722 | BF37: 60.455 | BG37: 55.0812 | BH37: 56.4247 | BI37: 40.3033 | BJ37: 44.3337 | BK37: 51.0509 | BL37: 55.0812 | BM37: 67.1722 | BN37: 65.8288 | BO37: 88.6674 | BP37: 72.546 | BQ37: 68.5157 | BR37: 71.2026 | BS37: 61.7985 | BT37: 56.4247 | BU37: 53.7378 | BV37: 53.7378 | BW37: 80.6067 | BX37: 69.8591 | BY37: 83.2936 | BZ37: 77.9198 | CA37: 81.9501 | CB37: 83.2936 | CC37: 79.2633 | CD37: 75.2329 | CE37: 64.4854 | CF37: 83.2936 | CG37: 81.9501 | CH37: 63.1419 | CI37: 73.8895 | CJ37: 67.1722 | CK37: 84.637 | CL37: 81.9501 | CM37: 84.637 | CN37: 80.6067 | CO37: 73.8895 | CP37: 84.637 | CQ37: 67.1722 | CR37: 68.5157 | CS37: 69.8591 | CT37: 64.4854 | CU37: 69.8591 | CV37: 80.6067 | CW37: 80.6067 | CX37: 67.1722 | CY37: 91.3543 | CZ37: 80.6067 | DA37: 85.9805 | DB37: 73.8895 | DC37: 84.637 | DD37: 87.3239 | DE37: 65.8288 | DF37: 64.4854 | DG37: 73.8895 | DH37: 77.9198 | DI37: 79.2633 | DJ37: 84.637 | DK37: 90.0108 | DL37: 84.637
A38: Slovenia | B38: 40.3033 | C38: 42.9902 | D38: 47.0206 | E38: 48.364 | F38: 49.7075 | G38: 52.3944 | H38: 59.1116 | I38: 48.364 | J38: 49.7075 | K38: 41.6468 | L38: 48.364 | M38: 45.6771 | N38: 40.3033 | O38: 45.6771 | P38: 47.0206 | Q38: 48.364 | R38: 44.3337 | S38: 51.0509 | T38: 55.0812 | U38: 47.0206 | V38: 45.6771 | W38: 42.9902 | X38: 42.9902 | Y38: 42.9902 | Z38: 36.273 | AA38: 60.455 | AB38: 52.3944 | AC38: 49.7075 | AD38: 49.7075 | AE38: 51.0509 | AF38: 53.7378 | AG38: 48.364 | AH38: 47.0206 | AI38: 41.6468 | AJ38: 41.6468 | AK38: 37.6165 | AL38: 40.3033 | AM38: 36.273 | AN38: 47.0206 | AO38: 45.6771 | AP38: 49.7075 | AQ38: 51.0509 | AR38: 55.0812 | AS38: 48.364 | AT38: 47.0206 | AU38: 41.6468 | AV38: 40.3033 | AW38: 41.6468 | AX38: 37.6165 | AY38: 32.2427 | AZ38: 28.2123 | BA38: 30.8992 | BB38: 45.6771 | BC38: 47.0206 | BD38: 49.7075 | BE38: 47.0206 | BF38: 36.273 | BG38: 21.4951 | BH38: 25.5255 | BI38: 25.5255 | BJ38: 26.8689 | BK38: 41.6468 | BL38: 37.6165 | BM38: 40.3033 | BN38: 48.364 | BO38: 49.7075 | BP38: 56.4247 | BQ38: 48.364 | BR38: 44.3337 | BS38: 38.9599 | BT38: 38.9599 | BU38: 36.273 | BV38: 36.273 | BW38: 49.7075 | BX38: 45.6771 | BY38: 45.6771 | BZ38: 59.1116 | CA38: 57.7681 | CB38: 56.4247 | CC38: 45.6771 | CD38: 48.364 | CE38: 42.9902 | CF38: 44.3337 | CG38: 45.6771 | CH38: 40.3033 | CI38: 44.3337 | CJ38: 56.4247 | CK38: 52.3944 | CL38: 64.4854 | CM38: 60.455 | CN38: 51.0509 | CO38: 48.364 | CP38: 47.0206 | CQ38: 42.9902 | CR38: 44.3337 | CS38: 41.6468 | CT38: 33.5861 | CU38: 45.6771 | CV38: 51.0509 | CW38: 53.7378 | CX38: 52.3944 | CY38: 47.0206 | CZ38: 59.1116 | DA38: 49.7075 | DB38: 52.3944 | DC38: 45.6771 | DD38: 44.3337 | DE38: 41.6468 | DF38: 37.6165 | DG38: 41.6468 | DH38: 55.0812 | DI38: 51.0509 | DJ38: 53.7378 | DK38: 55.0812 | DL38: 49.7075
A39: Spain | B39: 474.2361 | C39: 523.9435 | D39: 515.8829 | E39: 526.6304 | F39: 560.2165 | G39: 611.2674 | H39: 616.6412 | I39: 552.1559 | J39: 523.9435 | K39: 494.3877 | L39: 526.6304 | M39: 468.8623 | N39: 455.4278 | O39: 537.378 | P39: 534.6911 | Q39: 548.1255 | R39: 589.7723 | S39: 612.6109 | T39: 627.3888 | U39: 560.2165 | V39: 556.1862 | W39: 507.8222 | X39: 536.0345 | Y39: 494.3877 | Z39: 472.8926 | AA39: 550.8124 | AB39: 538.7214 | AC39: 576.3379 | AD39: 592.4592 | AE39: 646.197 | AF39: 673.0659 | AG39: 576.3379 | AH39: 593.8027 | AI39: 541.4083 | AJ39: 576.3379 | AK39: 525.287 | AL39: 506.4787 | AM39: 565.5903 | AN39: 588.4289 | AO39: 612.6109 | AP39: 613.9543 | AQ39: 702.6217 | AR39: 706.652 | AS39: 599.1764 | AT39: 632.7626 | AU39: 565.5903 | AV39: 604.5502 | AW39: 558.8731 | AX39: 556.1862 | AY39: 370.7908 | AZ39: 130.3142 | BA39: 261.9718 | BB39: 471.5492 | BC39: 658.288 | BD39: 634.106 | BE39: 566.9338 | BF39: 546.7821 | BG39: 432.5893 | BH39: 515.8829 | BI39: 393.6294 | BJ39: 401.69 | BK39: 546.7821 | BL39: 506.4787 | BM39: 581.7117 | BN39: 650.2274 | BO39: 725.4603 | BP39: 726.8037 | BQ39: 656.9446 | BR39: 648.8839 | BS39: 601.8633 | BT39: 607.2371 | BU39: 530.6608 | BV39: 560.2165 | BW39: 583.0551 | BX39: 634.106 | BY39: 643.5101 | BZ39: 673.0659 | CA39: 718.743 | CB39: 760.3898 | CC39: 667.6921 | CD39: 644.8536 | CE39: 611.2674 | CF39: 705.3086 | CG39: 536.0345 | CH39: 569.6207 | CI39: 665.0052 | CJ39: 659.6315 | CK39: 689.1873 | CL39: 716.0562 | CM39: 785.9153 | CN39: 803.3801 | CO39: 699.9348 | CP39: 701.2783 | CQ39: 646.197 | CR39: 683.8135 | CS39: 635.4495 | CT39: 623.3585 | CU39: 683.8135 | CV39: 721.4299 | CW39: 748.2988 | CX39: 729.4906 | CY39: 843.6834 | CZ39: 873.2392 | DA39: 733.5209 | DB39: 755.0161 | DC39: 681.1266 | DD39: 737.5513 | DE39: 678.4397 | DF39: 655.6011 | DG39: 705.3086 | DH39: 789.9456 | DI39: 795.3194 | DJ39: 824.8752 | DK39: 922.9467 | DL39: 902.795
A40: Sweden | B40: 253.9111 | C40: 290.1841 | D40: 276.7497 | E40: 313.0227 | F40: 322.4268 | G40: 335.8612 | H40: 322.4268 | I40: 290.1841 | J40: 278.0931 | K40: 263.3152 | L40: 267.3455 | M40: 236.4463 | N40: 228.3856 | O40: 270.0324 | P40: 264.6587 | Q40: 307.6489 | R40: 302.2751 | S40: 323.7702 | T40: 314.3661 | U40: 279.4365 | V40: 274.0628 | W40: 253.9111 | X40: 252.5676 | Y40: 175.9913 | Z40: 184.052 | AA40: 229.7291 | AB40: 302.2751 | AC40: 314.3661 | AD40: 283.4669 | AE40: 303.6186 | AF40: 288.8407 | AG40: 251.2242 | AH40: 264.6587 | AI40: 243.1635 | AJ40: 236.4463 | AK40: 223.0119 | AL40: 210.9209 | AM40: 235.1029 | AN40: 382.8818 | AO40: 315.7096 | AP40: 346.6088 | AQ40: 428.5589 | AR40: 308.9923 | AS40: 270.0324 | AT40: 267.3455 | AU40: 244.507 | AV40: 231.0725 | AW40: 214.9512 | AX40: 212.2643 | AY40: 227.0422 | AZ40: 209.5774 | BA40: 229.7291 | BB40: 264.6587 | BC40: 294.2144 | BD40: 279.4365 | BE40: 243.1635 | BF40: 240.4766 | BG40: 198.8299 | BH40: 198.8299 | BI40: 192.1126 | BJ40: 198.8299 | BK40: 221.6684 | BL40: 225.6988 | BM40: 241.8201 | BN40: 270.0324 | BO40: 321.0833 | BP40: 284.8103 | BQ40: 251.2242 | BR40: 247.1939 | BS40: 232.416 | BT40: 237.7898 | BU40: 197.4864 | BV40: 201.5167 | BW40: 243.1635 | BX40: 229.7291 | BY40: 256.598 | BZ40: 264.6587 | CA40: 283.4669 | CB40: 280.78 | CC40: 244.507 | CD40: 231.0725 | CE40: 232.416 | CF40: 239.1332 | CG40: 210.9209 | CH40: 209.5774 | CI40: 245.8504 | CJ40: 243.1635 | CK40: 266.0021 | CL40: 271.3759 | CM40: 283.4669 | CN40: 259.2849 | CO40: 260.6283 | CP40: 233.7594 | CQ40: 239.1332 | CR40: 232.416 | CS40: 214.9512 | CT40: 206.8905 | CU40: 224.3553 | CV40: 224.3553 | CW40: 255.2545 | CX40: 249.8808 | CY40: 279.4365 | CZ40: 261.9718 | DA40: 235.1029 | DB40: 218.9815 | DC40: 210.9209 | DD40: 192.1126 | DE40: 217.6381 | DF40: 200.1733 | DG40: 220.325 | DH40: 236.4463 | DI40: 245.8504 | DJ40: 256.598 | DK40: 291.5276 | DL40: 245.8504
A41: Switzerland | B41: 247.1939 | C41: 278.0931 | D41: 274.0628 | E41: 286.1538 | F41: 280.78 | G41: 284.8103 | H41: 283.4669 | I41: 286.1538 | J41: 270.0324 | K41: 268.689 | L41: 280.78 | M41: 236.4463 | N41: 233.7594 | O41: 275.4062 | P41: 259.2849 | Q41: 288.8407 | R41: 284.8103 | S41: 271.3759 | T41: 274.0628 | U41: 264.6587 | V41: 274.0628 | W41: 267.3455 | X41: 257.9414 | Y41: 240.4766 | Z41: 228.3856 | AA41: 264.6587 | AB41: 260.6283 | AC41: 283.4669 | AD41: 275.4062 | AE41: 279.4365 | AF41: 275.4062 | AG41: 252.5676 | AH41: 267.3455 | AI41: 266.0021 | AJ41: 256.598 | AK41: 243.1635 | AL41: 232.416 | AM41: 261.9718 | AN41: 276.7497 | AO41: 274.0628 | AP41: 252.5676 | AQ41: 291.5276 | AR41: 261.9718 | AS41: 257.9414 | AT41: 276.7497 | AU41: 248.5373 | AV41: 259.2849 | AW41: 247.1939 | AX41: 228.3856 | AY41: 198.8299 | AZ41: 158.5265 | BA41: 204.2036 | BB41: 240.4766 | BC41: 282.1234 | BD41: 253.9111 | BE41: 264.6587 | BF41: 251.2242 | BG41: 216.2946 | BH41: 241.8201 | BI41: 173.3044 | BJ41: 188.0823 | BK41: 231.0725 | BL41: 239.1332 | BM41: 228.3856 | BN41: 261.9718 | BO41: 260.6283 | BP41: 255.2545 | BQ41: 264.6587 | BR41: 255.2545 | BS41: 252.5676 | BT41: 255.2545 | BU41: 212.2643 | BV41: 217.6381 | BW41: 256.598 | BX41: 236.4463 | BY41: 248.5373 | BZ41: 243.1635 | CA41: 233.7594 | CB41: 229.7291 | CC41: 231.0725 | CD41: 225.6988 | CE41: 235.1029 | CF41: 236.4463 | CG41: 213.6077 | CH41: 218.9815 | CI41: 245.8504 | CJ41: 228.3856 | CK41: 257.9414 | CL41: 267.3455 | CM41: 247.1939 | CN41: 251.2242 | CO41: 247.1939 | CP41: 245.8504 | CQ41: 241.8201 | CR41: 241.8201 | CS41: 225.6988 | CT41: 218.9815 | CU41: 233.7594 | CV41: 244.507 | CW41: 256.598 | CX41: 228.3856 | CY41: 261.9718 | CZ41: 241.8201 | DA41: 236.4463 | DB41: 251.2242 | DC41: 235.1029 | DD41: 243.1635 | DE41: 233.7594 | DF41: 214.9512 | DG41: 229.7291 | DH41: 245.8504 | DI41: 255.2545 | DJ41: 245.8504 | DK41: 264.6587 | DL41: 231.0725
A42: Turkey | B42: 213.6077 | C42: 220.325 | D42: 244.507 | E42: 249.8808 | F42: 261.9718 | G42: 299.5882 | H42: 310.3358 | I42: 282.1234 | J42: 244.507 | K42: 243.1635 | L42: 235.1029 | M42: 198.8299 | N42: 204.2036 | O42: 239.1332 | P42: 237.7898 | Q42: 267.3455 | R42: 284.8103 | S42: 321.0833 | T42: 327.8006 | U42: 271.3759 | V42: 263.3152 | W42: 235.1029 | X42: 244.507 | Y42: 233.7594 | Z42: 224.3553 | AA42: 241.8201 | AB42: 249.8808 | AC42: 259.2849 | AD42: 279.4365 | AE42: 314.3661 | AF42: 337.2047 | AG42: 205.5471 | AH42: 225.6988 | AI42: 231.0725 | AJ42: 244.507 | AK42: 232.416 | AL42: 221.6684 | AM42: 248.5373 | AN42: 253.9111 | AO42: 267.3455 | AP42: 296.9013 | AQ42: 315.7096 | AR42: 351.9826 | AS42: 268.689 | AT42: 271.3759 | AU42: 264.6587 | AV42: 256.598 | AW42: 248.5373 | AX42: 239.1332 | AY42: 247.1939 | AZ42: 153.1527 | BA42: 188.0823 | BB42: 283.4669 | BC42: 370.7908 | BD42: 364.0736 | BE42: 322.4268 | BF42: 286.1538 | BG42: 272.7193 | BH42: 208.234 | BI42: 209.5774 | BJ42: 217.6381 | BK42: 283.4669 | BL42: 251.2242 | BM42: 239.1332 | BN42: 350.6391 | BO42: 476.923 | BP42: 440.6499 | BQ42: 400.3466 | BR42: 413.781 | BS42: 380.1949 | BT42: 407.0638 | BU42: 299.5882 | BV42: 308.9923 | BW42: 314.3661 | BX42: 364.0736 | BY42: 361.3867 | BZ42: 319.7399 | CA42: 441.9934 | CB42: 364.0736 | CC42: 412.4376 | CD42: 412.4376 | CE42: 341.235 | CF42: 423.1852 | CG42: 353.326 | CH42: 345.2654 | CI42: 409.7507 | CJ42: 412.4376 | CK42: 489.014 | CL42: 503.7919 | CM42: 569.6207 | CN42: 497.0746 | CO42: 518.5697 | CP42: 439.3065 | CQ42: 462.1451 | CR42: 472.8926 | CS42: 459.4582 | CT42: 388.2556 | CU42: 462.1451 | CV42: 536.0345 | CW42: 514.5394 | CX42: 639.4798 | CY42: 619.3281 | CZ42: 697.2479 | DA42: 584.3986 | DB42: 574.9944 | DC42: 548.1255 | DD42: 550.8124 | DE42: 527.9739 | DF42: 476.923 | DG42: 596.4896 | DH42: 591.1158 | DI42: 628.7322 | DJ42: 706.652 | DK42: 750.9857 | DL42: 768.4505
A43: Ukraine | B43: 370.282 | C43: 240.5482 | D43: 260.8191 | E43: 247.3052 | F43: 250.0079 | G43: 266.2247 | H43: 266.2247 | I43: 248.6566 | J43: 250.0079 | K43: 232.4398 | L43: 222.9801 | M43: 190.5466 | N43: 187.8438 | O43: 216.2231 | P43: 232.4398 | Q43: 229.737 | R43: 232.4398 | S43: 245.9538 | T43: 259.4677 | U43: 241.8996 | V43: 232.4398 | W43: 214.8717 | X43: 202.7091 | Y43: 171.6271 | Z43: 156.7617 | AA43: 164.8701 | AB43: 214.8717 | AC43: 210.8175 | AD43: 210.8175 | AE43: 221.6287 | AF43: 227.0342 | AG43: 202.7091 | AH43: 209.4661 | AI43: 195.9522 | AJ43: 175.6813 | AK43: 159.4645 | AL43: 154.059 | AM43: 177.0327 | AN43: 189.1952 | AO43: 194.6008 | AP43: 206.7633 | AQ43: 213.5203 | AR43: 214.8717 | AS43: 204.0605 | AT43: 202.7091 | AU43: 189.1952 | AV43: 181.0868 | AW43: 170.2757 | AX43: 175.6813 | AY43: 185.141 | AZ43: 168.9243 | BA43: 194.6008 | BB43: 220.2773 | BC43: 241.8996 | BD43: 220.2773 | BE43: 241.8996 | BF43: 232.4398 | BG43: 208.1147 | BH43: 206.7633 | BI43: 178.3841 | BJ43: 177.0327 | BK43: 194.6008 | BL43: 212.1689 | BM43: 236.494 | BN43: 239.1968 | BO43: 259.4677 | BP43: 256.7649 | BQ43: 239.1968 | BR43: 241.8996 | BS43: 221.6287 | BT43: 228.3856 | BU43: 243.251 | BV43: - | BW43: - | BX43: - | BY43: - | BZ43: - | CA43: - | CB43: - | CC43: - | CD43: - | CE43: - | CF43: - | CG43: - | CH43: - | CI43: - | CJ43: - | CK43: - | CL43: - | CM43: - | CN43: - | CO43: - | CP43: - | CQ43: - | CR43: - | CS43: - | CT43: - | CU43: - | CV43: - | CW43: - | CX43: - | CY43: - | CZ43: - | DA43: - | DB43: - | DC43: - | DD43: - | DE43: - | DF43: - | DG43: - | DH43: - | DI43: - | DJ43: - | DK43: - | DL43: -
A44: United Kingdom | B44: 1352.8491 | C44: 1364.94 | D44: 1401.213 | E44: 1449.577 | F44: 1491.224 | G44: 1398.526 | H44: 1413.304 | I44: 1441.516 | J44: 1401.213 | K44: 1409.274 | L44: 1411.961 | M44: 1335.384 | N44: 1347.475 | O44: 1268.212 | P44: 1426.739 | Q44: 1411.961 | R44: 1449.577 | S44: 1382.405 | T44: 1426.739 | U44: 1422.708 | V44: 1348.819 | W44: 1433.456 | X44: 1382.405 | Y44: 1307.172 | Z44: 1339.415 | AA44: 1171.484 | AB44: 1383.748 | AC44: 1389.122 | AD44: 1481.82 | AE44: 1371.657 | AF44: 1381.061 | AG44: 1410.617 | AH44: 1297.768 | AI44: 1493.911 | AJ44: 1368.97 | AK44: 1379.718 | AL44: 1335.384 | AM44: 1269.556 | AN44: 1360.91 | AO44: 1399.87 | AP44: 1448.234 | AQ44: 1354.193 | AR44: 1424.052 | AS44: 1405.243 | AT44: 1387.779 | AU44: 1406.587 | AV44: 1387.779 | AW44: 1321.95 | AX44: 1334.041 | AY44: 1330.011 | AZ44: 763.0767 | BA44: 425.872 | BB44: 904.1384 | BC44: 1012.958 | BD44: 1240 | BE44: 1233.283 | BF44: 1261.495 | BG44: 1117.746 | BH44: 973.9976 | BI44: 1023.705 | BJ44: 746.9554 | BK44: 830.249 | BL44: 1098.938 | BM44: 1295.081 | BN44: 1359.566 | BO44: 1336.728 | BP44: 1366.284 | BQ44: 1378.375 | BR44: 1371.657 | BS44: 1348.819 | BT44: 1375.688 | BU44: 1231.939 | BV44: 1266.869 | BW44: 1250.747 | BX44: 1281.647 | BY44: 1421.365 | BZ44: 1428.082 | CA44: 1312.546 | CB44: 1387.779 | CC44: 1371.657 | CD44: 1293.738 | CE44: 1377.031 | CF44: 1339.415 | CG44: 1371.657 | CH44: 1445.547 | CI44: 1244.03 | CJ44: 1442.86 | CK44: 1485.85 | CL44: 1460.325 | CM44: 1339.415 | CN44: 1449.577 | CO44: 1467.042 | CP44: 1450.921 | CQ44: 1390.466 | CR44: 1377.031 | CS44: 1418.678 | CT44: 1440.173 | CU44: 1331.354 | CV44: 1389.122 | CW44: 1456.294 | CX44: 1497.941 | CY44: 1335.384 | CZ44: 1448.234 | DA44: 1508.689 | DB44: 1485.85 | DC44: 1452.264 | DD44: 1499.285 | DE44: 1461.668 | DF44: 1385.092 | DG44: 1436.143 | DH44: 1554.366 | DI44: 1558.396 | DJ44: 1651.094 | DK44: 1454.951 | DL44: 1460.325

Sheet Supply in Thousand kl
A1: Time/Country | B1: 42401 | C1: 42430 | D1: 42461 | E1: 42491 | F1: 42522 | G1: 42552 | H1: 42583 | I1: 42614 | J1: 42644 | K1: 42675 | L1: 42705 | M1: 42736 | N1: 42767 | O1: 42795 | P1: 42826 | Q1: 42856 | R1: 42887 | S1: 42917 | T1: 42948 | U1: 42979 | V1: 43009 | W1: 43040 | X1: 43070 | Y1: 43101 | Z1: 43132 | AA1: 43160 | AB1: 43191 | AC1: 43221 | AD1: 43252 | AE1: 43282 | AF1: 43313 | AG1: 43344 | AH1: 43374 | AI1: 43405 | AJ1: 43435 | AK1: 43466 | AL1: 43497 | AM1: 43525 | AN1: 43556 | AO1: 43586 | AP1: 43617 | AQ1: 43647 | AR1: 43678 | AS1: 43709 | AT1: 43739 | AU1: 43770 | AV1: 43800 | AW1: 43831 | AX1: 43862 | AY1: 43891 | AZ1: 43922 | BA1: 43952 | BB1: 43983 | BC1: 44013 | BD1: 44044 | BE1: 44075 | BF1: 44105 | BG1: 44136 | BH1: 44166 | BI1: 44197 | BJ1: 44228 | BK1: 44256 | BL1: 44287 | BM1: 44317 | BN1: 44348 | BO1: 44378 | BP1: 44409 | BQ1: 44440 | BR1: 44470 | BS1: 44501 | BT1: 44531 | BU1: 44562 | BV1: 44593 | BW1: 44621 | BX1: 44652 | BY1: 44682 | BZ1: 44713 | CA1: 44743 | CB1: 44774 | CC1: 44805 | CD1: 44835 | CE1: 44866 | CF1: 44896 | CG1: 44927 | CH1: 44958 | CI1: 44986 | CJ1: 45017 | CK1: 45047 | CL1: 45078 | CM1: 45108 | CN1: 45139 | CO1: 45170 | CP1: 45200 | CQ1: 45231 | CR1: 45261 | CS1: 45292 | CT1: 45323 | CU1: 45352 | CV1: 45383 | CW1: 45413 | CX1: 45444 | CY1: 45474 | CZ1: 45505 | DA1: 45536 | DB1: 45566 | DC1: 45597 | DD1: 45627 | DE1: 45658 | DF1: 45689 | DG1: 45717 | DH1: 45748 | DI1: 45778 | DJ1: 45809 | DK1: 45839 | DL1: 45870
A2: Albania | B2: ='Refinery Output in Thousand kl'!B2+'Receipts in Thousand kl'!B2+'Imports in Thousand kl'!B2-'Exports in Thousand kl'!B2-'Products Transferred in K-kl'!B2+'Interproduct Transfers in K-kl'!B2-'Stock Change in K-kl'!B2 -> #VALUE! | C2: ='Refinery Output in Thousand kl'!C2+'Receipts in Thousand kl'!C2+'Imports in Thousand kl'!C2-'Exports in Thousand kl'!C2-'Products Transferred in K-kl'!C2+'Interproduct Transfers in K-kl'!C2-'Stock Change in K-kl'!C2 -> #VALUE! | D2: ='Refinery Output in Thousand kl'!D2+'Receipts in Thousand kl'!D2+'Imports in Thousand kl'!D2-'Exports in Thousand kl'!D2-'Products Transferred in K-kl'!D2+'Interproduct Transfers in K-kl'!D2-'Stock Change in K-kl'!D2 -> #VALUE! | E2: ='Refinery Output in Thousand kl'!E2+'Receipts in Thousand kl'!E2+'Imports in Thousand kl'!E2-'Exports in Thousand kl'!E2-'Products Transferred in K-kl'!E2+'Interproduct Transfers in K-kl'!E2-'Stock Change in K-kl'!E2 -> #VALUE! | F2: ='Refinery Output in Thousand kl'!F2+'Receipts in Thousand kl'!F2+'Imports in Thousand kl'!F2-'Exports in Thousand kl'!F2-'Products Transferred in K-kl'!F2+'Interproduct Transfers in K-kl'!F2-'Stock Change in K-kl'!F2 -> #VALUE! | G2: ='Refinery Output in Thousand kl'!G2+'Receipts in Thousand kl'!G2+'Imports in Thousand kl'!G2-'Exports in Thousand kl'!G2-'Products Transferred in K-kl'!G2+'Interproduct Transfers in K-kl'!G2-'Stock Change in K-kl'!G2 -> #VALUE! | H2: ='Refinery Output in Thousand kl'!H2+'Receipts in Thousand kl'!H2+'Imports in Thousand kl'!H2-'Exports in Thousand kl'!H2-'Products Transferred in K-kl'!H2+'Interproduct Transfers in K-kl'!H2-'Stock Change in K-kl'!H2 -> #VALUE! | I2: ='Refinery Output in Thousand kl'!I2+'Receipts in Thousand kl'!I2+'Imports in Thousand kl'!I2-'Exports in Thousand kl'!I2-'Products Transferred in K-kl'!I2+'Interproduct Transfers in K-kl'!I2-'Stock Change in K-kl'!I2 -> #VALUE! | ... DL2: ='Refinery Output in Thousand kl'!DL2+'Receipts in Thousand kl'!DL2+'Imports in Thousand kl'!DL2-'Exports in Thousand kl'!DL2-'Products Transferred in K-kl'!DL2+'Interproduct Transfers in K-kl'!DL2-'Stock Change in K-kl'!DL2 -> #VALUE!
A3: Armenia | B3: ='Refinery Output in Thousand kl'!B3+'Receipts in Thousand kl'!B3+'Imports in Thousand kl'!B3-'Exports in Thousand kl'!B3-'Products Transferred in K-kl'!B3+'Interproduct Transfers in K-kl'!B3-'Stock Change in K-kl'!B3 -> #VALUE! | C3: ='Refinery Output in Thousand kl'!C3+'Receipts in Thousand kl'!C3+'Imports in Thousand kl'!C3-'Exports in Thousand kl'!C3-'Products Transferred in K-kl'!C3+'Interproduct Transfers in K-kl'!C3-'Stock Change in K-kl'!C3 -> #VALUE! | D3: ='Refinery Output in Thousand kl'!D3+'Receipts in Thousand kl'!D3+'Imports in Thousand kl'!D3-'Exports in Thousand kl'!D3-'Products Transferred in K-kl'!D3+'Interproduct Transfers in K-kl'!D3-'Stock Change in K-kl'!D3 -> #VALUE! | E3: ='Refinery Output in Thousand kl'!E3+'Receipts in Thousand kl'!E3+'Imports in Thousand kl'!E3-'Exports in Thousand kl'!E3-'Products Transferred in K-kl'!E3+'Interproduct Transfers in K-kl'!E3-'Stock Change in K-kl'!E3 -> #VALUE! | F3: ='Refinery Output in Thousand kl'!F3+'Receipts in Thousand kl'!F3+'Imports in Thousand kl'!F3-'Exports in Thousand kl'!F3-'Products Transferred in K-kl'!F3+'Interproduct Transfers in K-kl'!F3-'Stock Change in K-kl'!F3 -> #VALUE! | G3: ='Refinery Output in Thousand kl'!G3+'Receipts in Thousand kl'!G3+'Imports in Thousand kl'!G3-'Exports in Thousand kl'!G3-'Products Transferred in K-kl'!G3+'Interproduct Transfers in K-kl'!G3-'Stock Change in K-kl'!G3 -> #VALUE! | H3: ='Refinery Output in Thousand kl'!H3+'Receipts in Thousand kl'!H3+'Imports in Thousand kl'!H3-'Exports in Thousand kl'!H3-'Products Transferred in K-kl'!H3+'Interproduct Transfers in K-kl'!H3-'Stock Change in K-kl'!H3 -> #VALUE! | I3: ='Refinery Output in Thousand kl'!I3+'Receipts in Thousand kl'!I3+'Imports in Thousand kl'!I3-'Exports in Thousand kl'!I3-'Products Transferred in K-kl'!I3+'Interproduct Transfers in K-kl'!I3-'Stock Change in K-kl'!I3 -> #VALUE! | ... DL3: ='Refinery Output in Thousand kl'!DL3+'Receipts in Thousand kl'!DL3+'Imports in Thousand kl'!DL3-'Exports in Thousand kl'!DL3-'Products Transferred in K-kl'!DL3+'Interproduct Transfers in K-kl'!DL3-'Stock Change in K-kl'!DL3 -> #VALUE!
A4: Austria | B4: ='Refinery Output in Thousand kl'!B4+'Receipts in Thousand kl'!B4+'Imports in Thousand kl'!B4-'Exports in Thousand kl'!B4-'Products Transferred in K-kl'!B4+'Interproduct Transfers in K-kl'!B4-'Stock Change in K-kl'!B4 -> 154.4962 | C4: ='Refinery Output in Thousand kl'!C4+'Receipts in Thousand kl'!C4+'Imports in Thousand kl'!C4-'Exports in Thousand kl'!C4-'Products Transferred in K-kl'!C4+'Interproduct Transfers in K-kl'!C4-'Stock Change in K-kl'!C4 -> 171.961 | D4: ='Refinery Output in Thousand kl'!D4+'Receipts in Thousand kl'!D4+'Imports in Thousand kl'!D4-'Exports in Thousand kl'!D4-'Products Transferred in K-kl'!D4+'Interproduct Transfers in K-kl'!D4-'Stock Change in K-kl'!D4 -> 171.961 | E4: ='Refinery Output in Thousand kl'!E4+'Receipts in Thousand kl'!E4+'Imports in Thousand kl'!E4-'Exports in Thousand kl'!E4-'Products Transferred in K-kl'!E4+'Interproduct Transfers in K-kl'!E4-'Stock Change in K-kl'!E4 -> 200.1733 | F4: ='Refinery Output in Thousand kl'!F4+'Receipts in Thousand kl'!F4+'Imports in Thousand kl'!F4-'Exports in Thousand kl'!F4-'Products Transferred in K-kl'!F4+'Interproduct Transfers in K-kl'!F4-'Stock Change in K-kl'!F4 -> 193.456 | G4: ='Refinery Output in Thousand kl'!G4+'Receipts in Thousand kl'!G4+'Imports in Thousand kl'!G4-'Exports in Thousand kl'!G4-'Products Transferred in K-kl'!G4+'Interproduct Transfers in K-kl'!G4-'Stock Change in K-kl'!G4 -> 212.2643 | H4: ='Refinery Output in Thousand kl'!H4+'Receipts in Thousand kl'!H4+'Imports in Thousand kl'!H4-'Exports in Thousand kl'!H4-'Products Transferred in K-kl'!H4+'Interproduct Transfers in K-kl'!H4-'Stock Change in K-kl'!H4 -> 229.729 | I4: ='Refinery Output in Thousand kl'!I4+'Receipts in Thousand kl'!I4+'Imports in Thousand kl'!I4-'Exports in Thousand kl'!I4-'Products Transferred in K-kl'!I4+'Interproduct Transfers in K-kl'!I4-'Stock Change in K-kl'!I4 -> 200.1733 | ... DL4: ='Refinery Output in Thousand kl'!DL4+'Receipts in Thousand kl'!DL4+'Imports in Thousand kl'!DL4-'Exports in Thousand kl'!DL4-'Products Transferred in K-kl'!DL4+'Interproduct Transfers in K-kl'!DL4-'Stock Change in K-kl'!DL4 -> 213.6077
A5: Azerbaijan | B5: ='Refinery Output in Thousand kl'!B5+'Receipts in Thousand kl'!B5+'Imports in Thousand kl'!B5-'Exports in Thousand kl'!B5-'Products Transferred in K-kl'!B5+'Interproduct Transfers in K-kl'!B5-'Stock Change in K-kl'!B5 -> #VALUE! | C5: ='Refinery Output in Thousand kl'!C5+'Receipts in Thousand kl'!C5+'Imports in Thousand kl'!C5-'Exports in Thousand kl'!C5-'Products Transferred in K-kl'!C5+'Interproduct Transfers in K-kl'!C5-'Stock Change in K-kl'!C5 -> #VALUE! | D5: ='Refinery Output in Thousand kl'!D5+'Receipts in Thousand kl'!D5+'Imports in Thousand kl'!D5-'Exports in Thousand kl'!D5-'Products Transferred in K-kl'!D5+'Interproduct Transfers in K-kl'!D5-'Stock Change in K-kl'!D5 -> #VALUE! | E5: ='Refinery Output in Thousand kl'!E5+'Receipts in Thousand kl'!E5+'Imports in Thousand kl'!E5-'Exports in Thousand kl'!E5-'Products Transferred in K-kl'!E5+'Interproduct Transfers in K-kl'!E5-'Stock Change in K-kl'!E5 -> #VALUE! | F5: ='Refinery Output in Thousand kl'!F5+'Receipts in Thousand kl'!F5+'Imports in Thousand kl'!F5-'Exports in Thousand kl'!F5-'Products Transferred in K-kl'!F5+'Interproduct Transfers in K-kl'!F5-'Stock Change in K-kl'!F5 -> #VALUE! | G5: ='Refinery Output in Thousand kl'!G5+'Receipts in Thousand kl'!G5+'Imports in Thousand kl'!G5-'Exports in Thousand kl'!G5-'Products Transferred in K-kl'!G5+'Interproduct Transfers in K-kl'!G5-'Stock Change in K-kl'!G5 -> #VALUE! | H5: ='Refinery Output in Thousand kl'!H5+'Receipts in Thousand kl'!H5+'Imports in Thousand kl'!H5-'Exports in Thousand kl'!H5-'Products Transferred in K-kl'!H5+'Interproduct Transfers in K-kl'!H5-'Stock Change in K-kl'!H5 -> #VALUE! | I5: ='Refinery Output in Thousand kl'!I5+'Receipts in Thousand kl'!I5+'Imports in Thousand kl'!I5-'Exports in Thousand kl'!I5-'Products Transferred in K-kl'!I5+'Interproduct Transfers in K-kl'!I5-'Stock Change in K-kl'!I5 -> #VALUE! | ... DL5: ='Refinery Output in Thousand kl'!DL5+'Receipts in Thousand kl'!DL5+'Imports in Thousand kl'!DL5-'Exports in Thousand kl'!DL5-'Products Transferred in K-kl'!DL5+'Interproduct Transfers in K-kl'!DL5-'Stock Change in K-kl'!DL5 -> #VALUE!
A6: Belarus | B6: ='Refinery Output in Thousand kl'!B6+'Receipts in Thousand kl'!B6+'Imports in Thousand kl'!B6-'Exports in Thousand kl'!B6-'Products Transferred in K-kl'!B6+'Interproduct Transfers in K-kl'!B6-'Stock Change in K-kl'!B6 -> #VALUE! | C6: ='Refinery Output in Thousand kl'!C6+'Receipts in Thousand kl'!C6+'Imports in Thousand kl'!C6-'Exports in Thousand kl'!C6-'Products Transferred in K-kl'!C6+'Interproduct Transfers in K-kl'!C6-'Stock Change in K-kl'!C6 -> #VALUE! | D6: ='Refinery Output in Thousand kl'!D6+'Receipts in Thousand kl'!D6+'Imports in Thousand kl'!D6-'Exports in Thousand kl'!D6-'Products Transferred in K-kl'!D6+'Interproduct Transfers in K-kl'!D6-'Stock Change in K-kl'!D6 -> #VALUE! | E6: ='Refinery Output in Thousand kl'!E6+'Receipts in Thousand kl'!E6+'Imports in Thousand kl'!E6-'Exports in Thousand kl'!E6-'Products Transferred in K-kl'!E6+'Interproduct Transfers in K-kl'!E6-'Stock Change in K-kl'!E6 -> #VALUE! | F6: ='Refinery Output in Thousand kl'!F6+'Receipts in Thousand kl'!F6+'Imports in Thousand kl'!F6-'Exports in Thousand kl'!F6-'Products Transferred in K-kl'!F6+'Interproduct Transfers in K-kl'!F6-'Stock Change in K-kl'!F6 -> #VALUE! | G6: ='Refinery Output in Thousand kl'!G6+'Receipts in Thousand kl'!G6+'Imports in Thousand kl'!G6-'Exports in Thousand kl'!G6-'Products Transferred in K-kl'!G6+'Interproduct Transfers in K-kl'!G6-'Stock Change in K-kl'!G6 -> #VALUE! | H6: ='Refinery Output in Thousand kl'!H6+'Receipts in Thousand kl'!H6+'Imports in Thousand kl'!H6-'Exports in Thousand kl'!H6-'Products Transferred in K-kl'!H6+'Interproduct Transfers in K-kl'!H6-'Stock Change in K-kl'!H6 -> #VALUE! | I6: ='Refinery Output in Thousand kl'!I6+'Receipts in Thousand kl'!I6+'Imports in Thousand kl'!I6-'Exports in Thousand kl'!I6-'Products Transferred in K-kl'!I6+'Interproduct Transfers in K-kl'!I6-'Stock Change in K-kl'!I6 -> #VALUE! | ... DL6: ='Refinery Output in Thousand kl'!DL6+'Receipts in Thousand kl'!DL6+'Imports in Thousand kl'!DL6-'Exports in Thousand kl'!DL6-'Products Transferred in K-kl'!DL6+'Interproduct Transfers in K-kl'!DL6-'Stock Change in K-kl'!DL6 -> #VALUE!
A7: Belgium | B7: ='Refinery Output in Thousand kl'!B7+'Receipts in Thousand kl'!B7+'Imports in Thousand kl'!B7-'Exports in Thousand kl'!B7-'Products Transferred in K-kl'!B7+'Interproduct Transfers in K-kl'!B7-'Stock Change in K-kl'!B7 -> 150.4658 | C7: ='Refinery Output in Thousand kl'!C7+'Receipts in Thousand kl'!C7+'Imports in Thousand kl'!C7-'Exports in Thousand kl'!C7-'Products Transferred in K-kl'!C7+'Interproduct Transfers in K-kl'!C7-'Stock Change in K-kl'!C7 -> 169.274 | D7: ='Refinery Output in Thousand kl'!D7+'Receipts in Thousand kl'!D7+'Imports in Thousand kl'!D7-'Exports in Thousand kl'!D7-'Products Transferred in K-kl'!D7+'Interproduct Transfers in K-kl'!D7-'Stock Change in K-kl'!D7 -> 167.9306 | E7: ='Refinery Output in Thousand kl'!E7+'Receipts in Thousand kl'!E7+'Imports in Thousand kl'!E7-'Exports in Thousand kl'!E7-'Products Transferred in K-kl'!E7+'Interproduct Transfers in K-kl'!E7-'Stock Change in K-kl'!E7 -> 182.7086 | F7: ='Refinery Output in Thousand kl'!F7+'Receipts in Thousand kl'!F7+'Imports in Thousand kl'!F7-'Exports in Thousand kl'!F7-'Products Transferred in K-kl'!F7+'Interproduct Transfers in K-kl'!F7-'Stock Change in K-kl'!F7 -> 180.0216 | G7: ='Refinery Output in Thousand kl'!G7+'Receipts in Thousand kl'!G7+'Imports in Thousand kl'!G7-'Exports in Thousand kl'!G7-'Products Transferred in K-kl'!G7+'Interproduct Transfers in K-kl'!G7-'Stock Change in K-kl'!G7 -> 158.5265 | H7: ='Refinery Output in Thousand kl'!H7+'Receipts in Thousand kl'!H7+'Imports in Thousand kl'!H7-'Exports in Thousand kl'!H7-'Products Transferred in K-kl'!H7+'Interproduct Transfers in K-kl'!H7-'Stock Change in K-kl'!H7 -> 177.3347 | I7: ='Refinery Output in Thousand kl'!I7+'Receipts in Thousand kl'!I7+'Imports in Thousand kl'!I7-'Exports in Thousand kl'!I7-'Products Transferred in K-kl'!I7+'Interproduct Transfers in K-kl'!I7-'Stock Change in K-kl'!I7 -> 173.3044 | ... DL7: ='Refinery Output in Thousand kl'!DL7+'Receipts in Thousand kl'!DL7+'Imports in Thousand kl'!DL7-'Exports in Thousand kl'!DL7-'Products Transferred in K-kl'!DL7+'Interproduct Transfers in K-kl'!DL7-'Stock Change in K-kl'!DL7 -> 311.6793
A8: Bulgaria | B8: ='Refinery Output in Thousand kl'!B8+'Receipts in Thousand kl'!B8+'Imports in Thousand kl'!B8-'Exports in Thousand kl'!B8-'Products Transferred in K-kl'!B8+'Interproduct Transfers in K-kl'!B8-'Stock Change in K-kl'!B8 -> #VALUE! | C8: ='Refinery Output in Thousand kl'!C8+'Receipts in Thousand kl'!C8+'Imports in Thousand kl'!C8-'Exports in Thousand kl'!C8-'Products Transferred in K-kl'!C8+'Interproduct Transfers in K-kl'!C8-'Stock Change in K-kl'!C8 -> #VALUE! | D8: ='Refinery Output in Thousand kl'!D8+'Receipts in Thousand kl'!D8+'Imports in Thousand kl'!D8-'Exports in Thousand kl'!D8-'Products Transferred in K-kl'!D8+'Interproduct Transfers in K-kl'!D8-'Stock Change in K-kl'!D8 -> #VALUE! | E8: ='Refinery Output in Thousand kl'!E8+'Receipts in Thousand kl'!E8+'Imports in Thousand kl'!E8-'Exports in Thousand kl'!E8-'Products Transferred in K-kl'!E8+'Interproduct Transfers in K-kl'!E8-'Stock Change in K-kl'!E8 -> #VALUE! | F8: ='Refinery Output in Thousand kl'!F8+'Receipts in Thousand kl'!F8+'Imports in Thousand kl'!F8-'Exports in Thousand kl'!F8-'Products Transferred in K-kl'!F8+'Interproduct Transfers in K-kl'!F8-'Stock Change in K-kl'!F8 -> #VALUE! | G8: ='Refinery Output in Thousand kl'!G8+'Receipts in Thousand kl'!G8+'Imports in Thousand kl'!G8-'Exports in Thousand kl'!G8-'Products Transferred in K-kl'!G8+'Interproduct Transfers in K-kl'!G8-'Stock Change in K-kl'!G8 -> #VALUE! | H8: ='Refinery Output in Thousand kl'!H8+'Receipts in Thousand kl'!H8+'Imports in Thousand kl'!H8-'Exports in Thousand kl'!H8-'Products Transferred in K-kl'!H8+'Interproduct Transfers in K-kl'!H8-'Stock Change in K-kl'!H8 -> #VALUE! | I8: ='Refinery Output in Thousand kl'!I8+'Receipts in Thousand kl'!I8+'Imports in Thousand kl'!I8-'Exports in Thousand kl'!I8-'Products Transferred in K-kl'!I8+'Interproduct Transfers in K-kl'!I8-'Stock Change in K-kl'!I8 -> #VALUE! | ... DL8: ='Refinery Output in Thousand kl'!DL8+'Receipts in Thousand kl'!DL8+'Imports in Thousand kl'!DL8-'Exports in Thousand kl'!DL8-'Products Transferred in K-kl'!DL8+'Interproduct Transfers in K-kl'!DL8-'Stock Change in K-kl'!DL8 -> #VALUE!
A9: Croatia | B9: ='Refinery Output in Thousand kl'!B9+'Receipts in Thousand kl'!B9+'Imports in Thousand kl'!B9-'Exports in Thousand kl'!B9-'Products Transferred in K-kl'!B9+'Interproduct Transfers in K-kl'!B9-'Stock Change in K-kl'!B9 -> #VALUE! | C9: ='Refinery Output in Thousand kl'!C9+'Receipts in Thousand kl'!C9+'Imports in Thousand kl'!C9-'Exports in Thousand kl'!C9-'Products Transferred in K-kl'!C9+'Interproduct Transfers in K-kl'!C9-'Stock Change in K-kl'!C9 -> #VALUE! | D9: ='Refinery Output in Thousand kl'!D9+'Receipts in Thousand kl'!D9+'Imports in Thousand kl'!D9-'Exports in Thousand kl'!D9-'Products Transferred in K-kl'!D9+'Interproduct Transfers in K-kl'!D9-'Stock Change in K-kl'!D9 -> #VALUE! | E9: ='Refinery Output in Thousand kl'!E9+'Receipts in Thousand kl'!E9+'Imports in Thousand kl'!E9-'Exports in Thousand kl'!E9-'Products Transferred in K-kl'!E9+'Interproduct Transfers in K-kl'!E9-'Stock Change in K-kl'!E9 -> #VALUE! | F9: ='Refinery Output in Thousand kl'!F9+'Receipts in Thousand kl'!F9+'Imports in Thousand kl'!F9-'Exports in Thousand kl'!F9-'Products Transferred in K-kl'!F9+'Interproduct Transfers in K-kl'!F9-'Stock Change in K-kl'!F9 -> #VALUE! | G9: ='Refinery Output in Thousand kl'!G9+'Receipts in Thousand kl'!G9+'Imports in Thousand kl'!G9-'Exports in Thousand kl'!G9-'Products Transferred in K-kl'!G9+'Interproduct Transfers in K-kl'!G9-'Stock Change in K-kl'!G9 -> #VALUE! | H9: ='Refinery Output in Thousand kl'!H9+'Receipts in Thousand kl'!H9+'Imports in Thousand kl'!H9-'Exports in Thousand kl'!H9-'Products Transferred in K-kl'!H9+'Interproduct Transfers in K-kl'!H9-'Stock Change in K-kl'!H9 -> #VALUE! | I9: ='Refinery Output in Thousand kl'!I9+'Receipts in Thousand kl'!I9+'Imports in Thousand kl'!I9-'Exports in Thousand kl'!I9-'Products Transferred in K-kl'!I9+'Interproduct Transfers in K-kl'!I9-'Stock Change in K-kl'!I9 -> #VALUE! | ... DL9: ='Refinery Output in Thousand kl'!DL9+'Receipts in Thousand kl'!DL9+'Imports in Thousand kl'!DL9-'Exports in Thousand kl'!DL9-'Products Transferred in K-kl'!DL9+'Interproduct Transfers in K-kl'!DL9-'Stock Change in K-kl'!DL9 -> #VALUE!
A10: Cyprus | B10: ='Refinery Output in Thousand kl'!B10+'Receipts in Thousand kl'!B10+'Imports in Thousand kl'!B10-'Exports in Thousand kl'!B10-'Products Transferred in K-kl'!B10+'Interproduct Transfers in K-kl'!B10-'Stock Change in K-kl'!B10 -> #VALUE! | C10: ='Refinery Output in Thousand kl'!C10+'Receipts in Thousand kl'!C10+'Imports in Thousand kl'!C10-'Exports in Thousand kl'!C10-'Products Transferred in K-kl'!C10+'Interproduct Transfers in K-kl'!C10-'Stock Change in K-kl'!C10 -> #VALUE! | D10: ='Refinery Output in Thousand kl'!D10+'Receipts in Thousand kl'!D10+'Imports in Thousand kl'!D10-'Exports in Thousand kl'!D10-'Products Transferred in K-kl'!D10+'Interproduct Transfers in K-kl'!D10-'Stock Change in K-kl'!D10 -> #VALUE! | E10: ='Refinery Output in Thousand kl'!E10+'Receipts in Thousand kl'!E10+'Imports in Thousand kl'!E10-'Exports in Thousand kl'!E10-'Products Transferred in K-kl'!E10+'Interproduct Transfers in K-kl'!E10-'Stock Change in K-kl'!E10 -> #VALUE! | F10: ='Refinery Output in Thousand kl'!F10+'Receipts in Thousand kl'!F10+'Imports in Thousand kl'!F10-'Exports in Thousand kl'!F10-'Products Transferred in K-kl'!F10+'Interproduct Transfers in K-kl'!F10-'Stock Change in K-kl'!F10 -> #VALUE! | G10: ='Refinery Output in Thousand kl'!G10+'Receipts in Thousand kl'!G10+'Imports in Thousand kl'!G10-'Exports in Thousand kl'!G10-'Products Transferred in K-kl'!G10+'Interproduct Transfers in K-kl'!G10-'Stock Change in K-kl'!G10 -> #VALUE! | H10: ='Refinery Output in Thousand kl'!H10+'Receipts in Thousand kl'!H10+'Imports in Thousand kl'!H10-'Exports in Thousand kl'!H10-'Products Transferred in K-kl'!H10+'Interproduct Transfers in K-kl'!H10-'Stock Change in K-kl'!H10 -> #VALUE! | I10: ='Refinery Output in Thousand kl'!I10+'Receipts in Thousand kl'!I10+'Imports in Thousand kl'!I10-'Exports in Thousand kl'!I10-'Products Transferred in K-kl'!I10+'Interproduct Transfers in K-kl'!I10-'Stock Change in K-kl'!I10 -> #VALUE! | ... DL10: ='Refinery Output in Thousand kl'!DL10+'Receipts in Thousand kl'!DL10+'Imports in Thousand kl'!DL10-'Exports in Thousand kl'!DL10-'Products Transferred in K-kl'!DL10+'Interproduct Transfers in K-kl'!DL10-'Stock Change in K-kl'!DL10 -> #VALUE!
A11: Czech Republic | B11: ='Refinery Output in Thousand kl'!B11+'Receipts in Thousand kl'!B11+'Imports in Thousand kl'!B11-'Exports in Thousand kl'!B11-'Products Transferred in K-kl'!B11+'Interproduct Transfers in K-kl'!B11-'Stock Change in K-kl'!B11 -> 159.8699 | C11: ='Refinery Output in Thousand kl'!C11+'Receipts in Thousand kl'!C11+'Imports in Thousand kl'!C11-'Exports in Thousand kl'!C11-'Products Transferred in K-kl'!C11+'Interproduct Transfers in K-kl'!C11-'Stock Change in K-kl'!C11 -> 161.2133 | D11: ='Refinery Output in Thousand kl'!D11+'Receipts in Thousand kl'!D11+'Imports in Thousand kl'!D11-'Exports in Thousand kl'!D11-'Products Transferred in K-kl'!D11+'Interproduct Transfers in K-kl'!D11-'Stock Change in K-kl'!D11 -> 177.3347 | E11: ='Refinery Output in Thousand kl'!E11+'Receipts in Thousand kl'!E11+'Imports in Thousand kl'!E11-'Exports in Thousand kl'!E11-'Products Transferred in K-kl'!E11+'Interproduct Transfers in K-kl'!E11-'Stock Change in K-kl'!E11 -> 197.4864 | F11: ='Refinery Output in Thousand kl'!F11+'Receipts in Thousand kl'!F11+'Imports in Thousand kl'!F11-'Exports in Thousand kl'!F11-'Products Transferred in K-kl'!F11+'Interproduct Transfers in K-kl'!F11-'Stock Change in K-kl'!F11 -> 188.0823 | G11: ='Refinery Output in Thousand kl'!G11+'Receipts in Thousand kl'!G11+'Imports in Thousand kl'!G11-'Exports in Thousand kl'!G11-'Products Transferred in K-kl'!G11+'Interproduct Transfers in K-kl'!G11-'Stock Change in K-kl'!G11 -> 196.143 | H11: ='Refinery Output in Thousand kl'!H11+'Receipts in Thousand kl'!H11+'Imports in Thousand kl'!H11-'Exports in Thousand kl'!H11-'Products Transferred in K-kl'!H11+'Interproduct Transfers in K-kl'!H11-'Stock Change in K-kl'!H11 -> 192.1127 | I11: ='Refinery Output in Thousand kl'!I11+'Receipts in Thousand kl'!I11+'Imports in Thousand kl'!I11-'Exports in Thousand kl'!I11-'Products Transferred in K-kl'!I11+'Interproduct Transfers in K-kl'!I11-'Stock Change in K-kl'!I11 -> 193.4561 | ... DL11: ='Refinery Output in Thousand kl'!DL11+'Receipts in Thousand kl'!DL11+'Imports in Thousand kl'!DL11-'Exports in Thousand kl'!DL11-'Products Transferred in K-kl'!DL11+'Interproduct Transfers in K-kl'!DL11-'Stock Change in K-kl'!DL11 -> 223.0119
A12: Denmark | B12: ='Refinery Output in Thousand kl'!B12+'Receipts in Thousand kl'!B12+'Imports in Thousand kl'!B12-'Exports in Thousand kl'!B12-'Products Transferred in K-kl'!B12+'Interproduct Transfers in K-kl'!B12-'Stock Change in K-kl'!B12 -> 135.6879 | C12: ='Refinery Output in Thousand kl'!C12+'Receipts in Thousand kl'!C12+'Imports in Thousand kl'!C12-'Exports in Thousand kl'!C12-'Products Transferred in K-kl'!C12+'Interproduct Transfers in K-kl'!C12-'Stock Change in K-kl'!C12 -> 143.7485 | D12: ='Refinery Output in Thousand kl'!D12+'Receipts in Thousand kl'!D12+'Imports in Thousand kl'!D12-'Exports in Thousand kl'!D12-'Products Transferred in K-kl'!D12+'Interproduct Transfers in K-kl'!D12-'Stock Change in K-kl'!D12 -> 149.1223 | E12: ='Refinery Output in Thousand kl'!E12+'Receipts in Thousand kl'!E12+'Imports in Thousand kl'!E12-'Exports in Thousand kl'!E12-'Products Transferred in K-kl'!E12+'Interproduct Transfers in K-kl'!E12-'Stock Change in K-kl'!E12 -> 163.9003 | F12: ='Refinery Output in Thousand kl'!F12+'Receipts in Thousand kl'!F12+'Imports in Thousand kl'!F12-'Exports in Thousand kl'!F12-'Products Transferred in K-kl'!F12+'Interproduct Transfers in K-kl'!F12-'Stock Change in K-kl'!F12 -> 158.5264 | G12: ='Refinery Output in Thousand kl'!G12+'Receipts in Thousand kl'!G12+'Imports in Thousand kl'!G12-'Exports in Thousand kl'!G12-'Products Transferred in K-kl'!G12+'Interproduct Transfers in K-kl'!G12-'Stock Change in K-kl'!G12 -> 147.779 | H12: ='Refinery Output in Thousand kl'!H12+'Receipts in Thousand kl'!H12+'Imports in Thousand kl'!H12-'Exports in Thousand kl'!H12-'Products Transferred in K-kl'!H12+'Interproduct Transfers in K-kl'!H12-'Stock Change in K-kl'!H12 -> 157.1831 | I12: ='Refinery Output in Thousand kl'!I12+'Receipts in Thousand kl'!I12+'Imports in Thousand kl'!I12-'Exports in Thousand kl'!I12-'Products Transferred in K-kl'!I12+'Interproduct Transfers in K-kl'!I12-'Stock Change in K-kl'!I12 -> 155.8396 | ... DL12: ='Refinery Output in Thousand kl'!DL12+'Receipts in Thousand kl'!DL12+'Imports in Thousand kl'!DL12-'Exports in Thousand kl'!DL12-'Products Transferred in K-kl'!DL12+'Interproduct Transfers in K-kl'!DL12-'Stock Change in K-kl'!DL12 -> 134.3444
A13: Estonia | B13: ='Refinery Output in Thousand kl'!B13+'Receipts in Thousand kl'!B13+'Imports in Thousand kl'!B13-'Exports in Thousand kl'!B13-'Products Transferred in K-kl'!B13+'Interproduct Transfers in K-kl'!B13-'Stock Change in K-kl'!B13 -> 26.8689 | C13: ='Refinery Output in Thousand kl'!C13+'Receipts in Thousand kl'!C13+'Imports in Thousand kl'!C13-'Exports in Thousand kl'!C13-'Products Transferred in K-kl'!C13+'Interproduct Transfers in K-kl'!C13-'Stock Change in K-kl'!C13 -> 24.182 | D13: ='Refinery Output in Thousand kl'!D13+'Receipts in Thousand kl'!D13+'Imports in Thousand kl'!D13-'Exports in Thousand kl'!D13-'Products Transferred in K-kl'!D13+'Interproduct Transfers in K-kl'!D13-'Stock Change in K-kl'!D13 -> 24.182 | E13: ='Refinery Output in Thousand kl'!E13+'Receipts in Thousand kl'!E13+'Imports in Thousand kl'!E13-'Exports in Thousand kl'!E13-'Products Transferred in K-kl'!E13+'Interproduct Transfers in K-kl'!E13-'Stock Change in K-kl'!E13 -> 29.5558 | F13: ='Refinery Output in Thousand kl'!F13+'Receipts in Thousand kl'!F13+'Imports in Thousand kl'!F13-'Exports in Thousand kl'!F13-'Products Transferred in K-kl'!F13+'Interproduct Transfers in K-kl'!F13-'Stock Change in K-kl'!F13 -> 28.2123 | G13: ='Refinery Output in Thousand kl'!G13+'Receipts in Thousand kl'!G13+'Imports in Thousand kl'!G13-'Exports in Thousand kl'!G13-'Products Transferred in K-kl'!G13+'Interproduct Transfers in K-kl'!G13-'Stock Change in K-kl'!G13 -> 33.5862 | H13: ='Refinery Output in Thousand kl'!H13+'Receipts in Thousand kl'!H13+'Imports in Thousand kl'!H13-'Exports in Thousand kl'!H13-'Products Transferred in K-kl'!H13+'Interproduct Transfers in K-kl'!H13-'Stock Change in K-kl'!H13 -> 30.8993 | I13: ='Refinery Output in Thousand kl'!I13+'Receipts in Thousand kl'!I13+'Imports in Thousand kl'!I13-'Exports in Thousand kl'!I13-'Products Transferred in K-kl'!I13+'Interproduct Transfers in K-kl'!I13-'Stock Change in K-kl'!I13 -> 28.2124 | ... DL13: ='Refinery Output in Thousand kl'!DL13+'Receipts in Thousand kl'!DL13+'Imports in Thousand kl'!DL13-'Exports in Thousand kl'!DL13-'Products Transferred in K-kl'!DL13+'Interproduct Transfers in K-kl'!DL13-'Stock Change in K-kl'!DL13 -> 26.8689
... A44: United Kingdom | B44: ='Refinery Output in Thousand kl'!B44+'Receipts in Thousand kl'!B44+'Imports in Thousand kl'!B44-'Exports in Thousand kl'!B44-'Products Transferred in K-kl'!B44+'Interproduct Transfers in K-kl'!B44-'Stock Change in K-kl'!B44 -> 1362.2541 | C44: ='Refinery Output in Thousand kl'!C44+'Receipts in Thousand kl'!C44+'Imports in Thousand kl'!C44-'Exports in Thousand kl'!C44-'Products Transferred in K-kl'!C44+'Interproduct Transfers in K-kl'!C44-'Stock Change in K-kl'!C44 -> 1363.5964 | D44: ='Refinery Output in Thousand kl'!D44+'Receipts in Thousand kl'!D44+'Imports in Thousand kl'!D44-'Exports in Thousand kl'!D44-'Products Transferred in K-kl'!D44+'Interproduct Transfers in K-kl'!D44-'Stock Change in K-kl'!D44 -> 1395.8393 | E44: ='Refinery Output in Thousand kl'!E44+'Receipts in Thousand kl'!E44+'Imports in Thousand kl'!E44-'Exports in Thousand kl'!E44-'Products Transferred in K-kl'!E44+'Interproduct Transfers in K-kl'!E44-'Stock Change in K-kl'!E44 -> 1472.4154 | F44: ='Refinery Output in Thousand kl'!F44+'Receipts in Thousand kl'!F44+'Imports in Thousand kl'!F44-'Exports in Thousand kl'!F44-'Products Transferred in K-kl'!F44+'Interproduct Transfers in K-kl'!F44-'Stock Change in K-kl'!F44 -> 1487.1925 | G44: ='Refinery Output in Thousand kl'!G44+'Receipts in Thousand kl'!G44+'Imports in Thousand kl'!G44-'Exports in Thousand kl'!G44-'Products Transferred in K-kl'!G44+'Interproduct Transfers in K-kl'!G44-'Stock Change in K-kl'!G44 -> 1424.0519 | H44: ='Refinery Output in Thousand kl'!H44+'Receipts in Thousand kl'!H44+'Imports in Thousand kl'!H44-'Exports in Thousand kl'!H44-'Products Transferred in K-kl'!H44+'Interproduct Transfers in K-kl'!H44-'Stock Change in K-kl'!H44 -> 1432.1122 | I44: ='Refinery Output in Thousand kl'!I44+'Receipts in Thousand kl'!I44+'Imports in Thousand kl'!I44-'Exports in Thousand kl'!I44-'Products Transferred in K-kl'!I44+'Interproduct Transfers in K-kl'!I44-'Stock Change in K-kl'!I44 -> 1452.2639 | ... DL44: ='Refinery Output in Thousand kl'!DL44+'Receipts in Thousand kl'!DL44+'Imports in Thousand kl'!DL44-'Exports in Thousand kl'!DL44-'Products Transferred in K-kl'!DL44+'Interproduct Transfers in K-kl'!DL44-'Stock Change in K-kl'!DL44 -> 1483.1631

Sheet Refinery Output in Thousand kl
A1: Time/Country | B1: 42401 | C1: 42430 | D1: 42461 | E1: 42491 | F1: 42522 | G1: 42552 | H1: 42583 | I1: 42614 | J1: 42644 | K1: 42675 | L1: 42705 | M1: 42736 | N1: 42767 | O1: 42795 | P1: 42826 | Q1: 42856 | R1: 42887 | S1: 42917 | T1: 42948 | U1: 42979 | V1: 43009 | W1: 43040 | X1: 43070 | Y1: 43101 | Z1: 43132 | AA1: 43160 | AB1: 43191 | AC1: 43221 | AD1: 43252 | AE1: 43282 | AF1: 43313 | AG1: 43344 | AH1: 43374 | AI1: 43405 | AJ1: 43435 | AK1: 43466 | AL1: 43497 | AM1: 43525 | AN1: 43556 | AO1: 43586 | AP1: 43617 | AQ1: 43647 | AR1: 43678 | AS1: 43709 | AT1: 43739 | AU1: 43770 | AV1: 43800 | AW1: 43831 | AX1: 43862 | AY1: 43891 | AZ1: 43922 | BA1: 43952 | BB1: 43983 | BC1: 44013 | BD1: 44044 | BE1: 44075 | BF1: 44105 | BG1: 44136 | BH1: 44166 | BI1: 44197 | BJ1: 44228 | BK1: 44256 | BL1: 44287 | BM1: 44317 | BN1: 44348 | BO1: 44378 | BP1: 44409 | BQ1: 44440 | BR1: 44470 | BS1: 44501 | BT1: 44531 | BU1: 44562 | BV1: 44593 | BW1: 44621 | BX1: 44652 | BY1: 44682 | BZ1: 44713 | CA1: 44743 | CB1: 44774 | CC1: 44805 | CD1: 44835 | CE1: 44866 | CF1: 44896 | CG1: 44927 | CH1: 44958 | CI1: 44986 | CJ1: 45017 | CK1: 45047 | CL1: 45078 | CM1: 45108 | CN1: 45139 | CO1: 45170 | CP1: 45200 | CQ1: 45231 | CR1: 45261 | CS1: 45292 | CT1: 45323 | CU1: 45352 | CV1: 45383 | CW1: 45413 | CX1: 45444 | CY1: 45474 | CZ1: 45505 | DA1: 45536 | DB1: 45566 | DC1: 45597 | DD1: 45627 | DE1: 45658 | DF1: 45689 | DG1: 45717 | DH1: 45748 | DI1: 45778 | DJ1: 45809 | DK1: 45839 | DL1: 45870
A2: Albania | B2: - | C2: - | D2: - | E2: - | F2: - | G2: - | H2: - | I2: - | J2: - | K2: - | L2: - | M2: - | N2: - | O2: - | P2: - | Q2: - | R2: - | S2: - | T2: - | U2: - | V2: - | W2: - | X2: - | Y2: - | Z2: - | AA2: - | AB2: - | AC2: - | AD2: - | AE2: - | AF2: - | AG2: - | AH2: - | AI2: - | AJ2: - | AK2: - | AL2: - | AM2: - | AN2: - | AO2: - | AP2: - | AQ2: - | AR2: - | AS2: - | AT2: - | AU2: - | AV2: - | AW2: - | AX2: - | AY2: - | AZ2: - | BA2: - | BB2: - | BC2: - | BD2: - | BE2: - | BF2: - | BG2: - | BH2: - | BI2: - | BJ2: - | BK2: - | BL2: - | BM2: - | BN2: - | BO2: - | BP2: - | BQ2: - | BR2: - | BS2: - | BT2: - | BU2: - | BV2: - | BW2: - | BX2: - | BY2: - | BZ2: - | CA2: - | CB2: - | CC2: - | CD2: - | CE2: - | CF2: - | CG2: - | CH2: - | CI2: - | CJ2: - | CK2: - | CL2: - | CM2: - | CN2: - | CO2: - | CP2: - | CQ2: - | CR2: - | CS2: - | CT2: - | CU2: - | CV2: - | CW2: - | CX2: - | CY2: - | CZ2: - | DA2: - | DB2: - | DC2: - | DD2: - | DE2: - | DF2: - | DG2: - | DH2: - | DI2: - | DJ2: - | DK2: - | DL2: -
A3: Armenia | B3: - | C3: - | D3: - | E3: - | F3: - | G3: - | H3: - | I3: - | J3: - | K3: - | L3: - | M3: - | N3: - | O3: - | P3: - | Q3: - | R3: - | S3: - | T3: - | U3: - | V3: - | W3: - | X3: - | Y3: - | Z3: - | AA3: - | AB3: - | AC3: - | AD3: - | AE3: - | AF3: - | AG3: - | AH3: - | AI3: - | AJ3: - | AK3: - | AL3: - | AM3: - | AN3: - | AO3: - | AP3: - | AQ3: - | AR3: - | AS3: - | AT3: - | AU3: - | AV3: - | AW3: - | AX3: - | AY3: - | AZ3: - | BA3: - | BB3: - | BC3: - | BD3: - | BE3: - | BF3: - | BG3: - | BH3: - | BI3: - | BJ3: - | BK3: - | BL3: - | BM3: - | BN3: - | BO3: - | BP3: - | BQ3: - | BR3: - | BS3: - | BT3: - | BU3: - | BV3: - | BW3: - | BX3: - | BY3: - | BZ3: - | CA3: - | CB3: - | CC3: - | CD3: - | CE3: - | CF3: - | CG3: - | CH3: - | CI3: - | CJ3: - | CK3: - | CL3: - | CM3: - | CN3: - | CO3: - | CP3: - | CQ3: - | CR3: - | CS3: - | CT3: - | CU3: - | CV3: - | CW3: - | CX3: - | CY3: - | CZ3: - | DA3: - | DB3: - | DC3: - | DD3: - | DE3: - | DF3: - | DG3: - | DH3: - | DI3: - | DJ3: - | DK3: - | DL3: -
A4: Austria | B4: 197.4864 | C4: 189.4257 | D4: 65.8288 | E4: 204.2036 | F4: 189.4257 | G4: 212.2643 | H4: 227.0422 | I4: 212.2643 | J4: 220.325 | K4: 204.2036 | L4: 232.416 | M4: 209.5774 | N4: 213.6077 | O4: 214.9512 | P4: 135.6879 | Q4: 119.5666 | R4: 155.8396 | S4: 232.416 | T4: 223.0119 | U4: 220.325 | V4: 221.6684 | W4: 204.2036 | X4: 236.4463 | Y4: 235.1029 | Z4: 196.143 | AA4: 209.5774 | AB4: 214.9512 | AC4: 235.1029 | AD4: 251.2242 | AE4: 241.8201 | AF4: 229.7291 | AG4: 223.0119 | AH4: 224.3553 | AI4: 210.9209 | AJ4: 252.5676 | AK4: 240.4766 | AL4: 225.6988 | AM4: 224.3553 | AN4: 224.3553 | AO4: 259.2849 | AP4: 216.2946 | AQ4: 216.2946 | AR4: 227.0422 | AS4: 228.3856 | AT4: 243.1635 | AU4: 232.416 | AV4: 251.2242 | AW4: 241.8201 | AX4: 217.6381 | AY4: 206.8905 | AZ4: 169.2741 | BA4: 185.3954 | BB4: 114.1928 | BC4: 228.3856 | BD4: 252.5676 | BE4: 231.0725 | BF4: 245.8504 | BG4: 167.9306 | BH4: 157.1831 | BI4: 220.325 | BJ4: 157.1831 | BK4: 182.7085 | BL4: 185.3954 | BM4: 196.143 | BN4: 188.0823 | BO4: 210.9209 | BP4: 228.3856 | BQ4: 194.7995 | BR4: 194.7995 | BS4: 181.3651 | BT4: 231.0725 | BU4: 224.3553 | BV4: 201.5167 | BW4: 213.6077 | BX4: 141.0617 | BY4: 73.8895 | BZ4: 56.4247 | CA4: 98.0715 | CB4: 81.9501 | CC4: 80.6067 | CD4: 169.2741 | CE4: 194.7995 | CF4: 225.6988 | CG4: 182.7085 | CH4: 188.0823 | CI4: 208.234 | CJ4: 200.1733 | CK4: 177.3347 | CL4: 127.6273 | CM4: 165.2437 | CN4: 158.5265 | CO4: 177.3347 | CP4: 213.6077 | CQ4: 188.0823 | CR4: 194.7995 | CS4: 197.4864 | CT4: 174.6478 | CU4: 205.5471 | CV4: 185.3954 | CW4: 135.6879 | CX4: 165.2437 | CY4: 200.1733 | CZ4: 162.5568 | DA4: 209.5774 | DB4: 202.8602 | DC4: 182.7085 | DD4: 231.0725 | DE4: 220.325 | DF4: 216.2946 | DG4: 200.1733 | DH4: 190.7692 | DI4: 214.9512 | DJ4: 198.8299 | DK4: 212.2643 | DL4: 197.4864
A5: Azerbaijan | B5: 106.7602 | C5: 137.8422 | D5: 118.9227 | E5: 137.8422 | F5: 136.4908 | G5: 147.302 | H5: 70.2725 | I5: 133.788 | J5: 152.7076 | K5: 140.545 | L5: 141.8964 | M5: 147.302 | N5: 137.8422 | O5: 129.7339 | P5: 145.9506 | Q5: 148.6534 | R5: 127.0311 | S5: 151.3562 | T5: 72.9753 | U5: 121.6255 | V5: 155.4103 | W5: 147.302 | X5: 159.4645 | Y5: 147.302 | Z5: 136.4908 | AA5: 132.4366 | AB5: 144.5992 | AC5: 144.5992 | AD5: 125.6797 | AE5: 112.1657 | AF5: 147.302 | AG5: 133.788 | AH5: 139.1936 | AI5: 79.7323 | AJ5: 158.1131 | AK5: 143.2478 | AL5: 127.0311 | AM5: 139.1936 | AN5: 128.3825 | AO5: 137.8422 | AP5: 144.5992 | AQ5: 144.5992 | AR5: 140.545 | AS5: 131.0852 | AT5: 44.596 | AU5: 127.0311 | AV5: 160.8159 | AW5: 164.8701 | AX5: 145.9506 | AY5: 154.059 | AZ5: 83.7864 | BA5: 135.1394 | BB5: 143.2478 | BC5: 140.545 | BD5: 147.302 | BE5: 36.4876 | BF5: 143.2478 | BG5: 147.302 | BH5: 135.1394 | BI5: 116.2199 | BJ5: 85.1378 | BK5: 133.788 | BL5: 159.4645 | BM5: 152.7076 | BN5: 135.1394 | BO5: 150.0048 | BP5: 154.059 | BQ5: 150.0048 | BR5: 154.059 | BS5: 147.302 | BT5: 163.5187 | BU5: 163.5187 | BV5: 140.545 | BW5: 140.545 | BX5: 41.8932 | BY5: 36.4876 | BZ5: 158.1131 | CA5: 193.2494 | CB5: 186.4924 | CC5: 166.2215 | CD5: 175.6813 | CE5: 166.2215 | CF5: 166.2215 | CG5: 156.7617 | CH5: 136.4908 | CI5: 179.7354 | CJ5: 164.8701 | CK5: 133.788 | CL5: 175.6813 | CM5: 186.4924 | CN5: 152.7076 | CO5: 174.3299 | CP5: 175.6813 | CQ5: 171.6271 | CR5: 172.9785 | CS5: 156.7617 | CT5: 179.7354 | CU5: 182.4382 | CV5: 172.9785 | CW5: 139.1936 | CX5: 135.1394 | CY5: 171.6271 | CZ5: 177.0327 | DA5: 131.0852 | DB5: 177.0327 | DC5: 13.5139 | DD5: 59.4614 | DE5: 167.5729 | DF5: 179.7354 | DG5: 108.1115 | DH5: 117.5713 | DI5: 168.9243 | DJ5: 171.6271 | DK5: 182.4382 | DL5: -
A6: Belarus | B6: 468.9338 | C6: 540.5577 | D6: 466.231 | E6: 498.6645 | F6: 441.9059 | G6: 322.9832 | H6: 317.5777 | I6: 367.5793 | J6: 263.5219 | K6: 350.0111 | L6: 345.9569 | M6: 389.2016 | N6: 397.3099 | O6: 436.5004 | P6: 443.2573 | Q6: 478.3936 | R6: 501.3673 | S6: 451.3657 | T6: 398.6613 | U6: 335.1458 | V6: 248.6566 | W6: 412.1753 | X6: 494.6103 | Y6: 433.7976 | Z6: 364.8765 | AA6: 398.6613 | AB6: 386.4988 | AC6: 371.6334 | AD6: 329.7402 | AE6: 448.6629 | AF6: 402.7155 | AG6: 363.5251 | AH6: 359.4709 | AI6: 390.553 | AJ6: 370.282 | AK6: 402.7155 | AL6: 377.039 | AM6: 371.6334 | AN6: 340.5514 | AO6: 379.7418 | AP6: 352.7139 | AQ6: 431.0948 | AR6: 318.9291 | AS6: 320.2805 | AT6: 160.8159 | AU6: 198.655 | AV6: 264.8733 | AW6: 275.6844 | AX6: 262.1705 | AY6: 229.737 | AZ6: 316.2263 | BA6: 352.7139 | BB6: 345.9569 | BC6: 432.4462 | BD6: 410.8239 | BE6: 374.3362 | BF6: 495.9617 | BG6: 433.7976 | BH6: 427.0406 | BI6: 382.4446 | BJ6: 383.796 | BK6: 412.1753 | BL6: 387.8502 | BM6: - | BN6: - | BO6: - | BP6: - | BQ6: - | BR6: - | BS6: - | BT6: - | BU6: - | BV6: - | BW6: - | BX6: - | BY6: - | BZ6: - | CA6: - | CB6: - | CC6: - | CD6: - | CE6: - | CF6: - | CG6: - | CH6: - | CI6: - | CJ6: - | CK6: - | CL6: - | CM6: - | CN6: - | CO6: - | CP6: - | CQ6: - | CR6: - | CS6: - | CT6: - | CU6: - | CV6: - | CW6: - | CX6: - | CY6: - | CZ6: - | DA6: - | DB6: - | DC6: - | DD6: - | DE6: - | DF6: - | DG6: - | DH6: - | DI6: - | DJ6: - | DK6: - | DL6: -
A7: Belgium | B7: 552.1559 | C7: 538.7214 | D7: 472.8926 | E7: 553.4993 | F7: 561.56 | G7: 511.8525 | H7: 562.9034 | I7: 530.6608 | J7: 476.923 | K7: 521.2566 | L7: 521.2566 | M7: 576.3379 | N7: 436.6196 | O7: 557.5297 | P7: 463.4885 | Q7: 536.0345 | R7: 493.0443 | S7: 548.1255 | T7: 519.9132 | U7: 507.8222 | V7: 514.5394 | W7: 515.8829 | X7: 523.9435 | Y7: 497.0746 | Z7: 417.8114 | AA7: 338.5481 | AB7: 361.3867 | AC7: 373.4777 | AD7: 431.2458 | AE7: 470.2057 | AF7: 505.1353 | AG7: 532.0042 | AH7: 466.1754 | AI7: 483.6402 | AJ7: 515.8829 | AK7: 480.9533 | AL7: 452.7409 | AM7: 482.2967 | AN7: 503.7919 | AO7: 423.1852 | AP7: 423.1852 | AQ7: 514.5394 | AR7: 523.9435 | AS7: 484.9836 | AT7: 491.7008 | AU7: 471.5492 | AV7: 471.5492 | AW7: 475.5795 | AX7: 381.5384 | AY7: 403.0335 | AZ7: 335.8612 | BA7: 386.9121 | BB7: 319.7399 | BC7: 339.8916 | BD7: 313.0227 | BE7: 300.9317 | BF7: 294.2144 | BG7: 306.3054 | BH7: 322.4268 | BI7: 343.9219 | BJ7: 319.7399 | BK7: 339.8916 | BL7: 381.5384 | BM7: 393.6294 | BN7: 346.6088 | BO7: 397.6597 | BP7: 374.8211 | BQ7: 291.5276 | BR7: 373.4777 | BS7: 374.8211 | BT7: 421.8417 | BU7: 362.7301 | BV7: 321.0833 | BW7: 322.4268 | BX7: 349.2957 | BY7: 343.9219 | BZ7: 401.69 | CA7: 381.5384 | CB7: 401.69 | CC7: 339.8916 | CD7: 299.5882 | CE7: 239.1332 | CF7: 315.7096 | CG7: 373.4777 | CH7: 380.1949 | CI7: 415.1245 | CJ7: 444.6803 | CK7: 444.6803 | CL7: 408.4073 | CM7: 448.7106 | CN7: 326.4571 | CO7: 252.5676 | CP7: 307.6489 | CQ7: 270.0324 | CR7: 310.3358 | CS7: 397.6597 | CT7: 334.5178 | CU7: 304.962 | CV7: 443.3368 | CW7: 448.7106 | CX7: 505.1353 | CY7: 413.781 | CZ7: 421.8417 | DA7: 399.0031 | DB7: 385.5687 | DC7: 407.0638 | DD7: 432.5893 | DE7: 444.6803 | DF7: 326.4571 | DG7: 396.3163 | DH7: 448.7106 | DI7: 443.3368 | DJ7: 424.5286 | DK7: 429.9024 | DL7: 390.9425
A8: Bulgaria | B8: 205.5471 | C8: 34.9296 | D8: 202.8602 | E8: 212.2643 | F8: 213.6077 | G8: 209.5774 | H8: 197.4864 | I8: 217.6381 | J8: 221.6684 | K8: 225.6988 | L8: 241.8201 | M8: 221.6684 | N8: 202.8602 | O8: 166.5872 | P8: 210.9209 | Q8: 214.9512 | R8: 208.234 | S8: 212.2643 | T8: 214.9512 | U8: 224.3553 | V8: 206.8905 | W8: 206.8905 | X8: 217.6381 | Y8: 214.9512 | Z8: 173.3044 | AA8: 1.3434 | AB8: 2.6869 | AC8: 73.8895 | AD8: 229.7291 | AE8: 247.1939 | AF8: 214.9512 | AG8: 214.9512 | AH8: 225.6988 | AI8: 210.9209 | AJ8: 224.3553 | AK8: 213.6077 | AL8: 192.1126 | AM8: 115.5363 | AN8: 221.6684 | AO8: 213.6077 | AP8: 208.234 | AQ8: 216.2946 | AR8: 216.2946 | AS8: 204.2036 | AT8: 210.9209 | AU8: 197.4864 | AV8: 197.4864 | AW8: 200.1733 | AX8: 185.3954 | AY8: 171.961 | AZ8: 142.4052 | BA8: 84.637 | BB8: 100.7584 | BC8: 143.7486 | BD8: 122.2535 | BE8: 122.2535 | BF8: 124.9404 | BG8: 126.2838 | BH8: 120.91 | BI8: 112.8494 | BJ8: 122.2535 | BK8: 151.8093 | BL8: 81.9501 | BM8: 159.8699 | BN8: 149.1224 | BO8: 162.5568 | BP8: 163.9003 | BQ8: 142.4052 | BR8: 4.0303 | BS8: 5.3738 | BT8: 67.1722 | BU8: 194.7995 | BV8: 169.2741 | BW8: 213.6077 | BX8: 182.7085 | BY8: 210.9209 | BZ8: 205.5471 | CA8: 214.9512 | CB8: 212.2643 | CC8: 128.9707 | CD8: 244.507 | CE8: 213.6077 | CF8: 205.5471 | CG8: 220.325 | CH8: 153.1527 | CI8: 145.0921 | CJ8: 57.7681 | CK8: 194.7995 | CL8: 174.6478 | CM8: 220.325 | CN8: 221.6684 | CO8: 196.143 | CP8: 221.6684 | CQ8: 198.8299 | CR8: 180.0216 | CS8: 190.7692 | CT8: 184.052 | CU8: 190.7692 | CV8: 212.2643 | CW8: 190.7692 | CX8: 186.7388 | CY8: 182.7085 | CZ8: 185.3954 | DA8: 161.2134 | DB8: 159.8699 | DC8: 111.5059 | DD8: 198.8299 | DE8: 169.2741 | DF8: 147.7789 | DG8: 12.091 | DH8: 8.0607 | DI8: 126.2838 | DJ8: 177.3347 | DK8: - | DL8: -
A9: Croatia | B9: 6.7172 | C9: 75.2329 | D9: 104.7887 | E9: 112.8494 | F9: 84.637 | G9: 131.6576 | H9: 135.6879 | I9: 92.6977 | J9: 99.4149 | K9: 143.7486 | L9: 163.9003 | M9: 72.546 | N9: 34.9296 | O9: 106.1322 | P9: 95.3846 | Q9: 150.4658 | R9: 119.5666 | S9: 123.5969 | T9: 115.5363 | U9: 92.6977 | V9: 173.3044 | W9: 139.7183 | X9: 162.5568 | Y9: 102.1018 | Z9: 21.4951 | AA9: 21.4951 | AB9: 141.0617 | AC9: 106.1322 | AD9: 112.8494 | AE9: 111.5059 | AF9: 108.819 | AG9: 118.2232 | AH9: 126.2838 | AI9: 127.6273 | AJ9: 102.1018 | AK9: 6.7172 | AL9: 18.8082 | AM9: 44.3337 | AN9: 34.9296 | AO9: 22.8386 | AP9: 100.7584 | AQ9: 116.8797 | AR9: 139.7183 | AS9: 108.819 | AT9: 112.8494 | AU9: 120.91 | AV9: 124.9404 | AW9: 13.4344 | AX9: 8.0607 | AY9: 92.6977 | AZ9: 91.3543 | BA9: 69.8591 | BB9: 103.4453 | BC9: 100.7584 | BD9: 99.4149 | BE9: 104.7887 | BF9: 100.7584 | BG9: 33.5861 | BH9: 26.8689 | BI9: 1.3434 | BJ9: 1.3434 | BK9: 53.7378 | BL9: 96.728 | BM9: 104.7887 | BN9: 102.1018 | BO9: 104.7887 | BP9: 106.1322 | BQ9: 90.0108 | BR9: 106.1322 | BS9: 6.7172 | BT9: 17.4648 | BU9: 2.6869 | BV9: 4.0303 | BW9: 0 | BX9: 45.6771 | BY9: 84.637 | BZ9: 114.1928 | CA9: 107.4756 | CB9: 106.1322 | CC9: 87.3239 | CD9: 107.4756 | CE9: 9.4041 | CF9: 4.0303 | CG9: 4.0303 | CH9: 4.0303 | CI9: 1.3434 | CJ9: 1.3434 | CK9: 79.2633 | CL9: 94.0411 | CM9: 103.4453 | CN9: 112.8494 | CO9: 94.0411 | CP9: 103.4453 | CQ9: 92.6977 | CR9: 0 | CS9: 20.1517 | CT9: 5.3738 | CU9: 0 | CV9: 0 | CW9: 51.0509 | CX9: 94.0411 | CY9: 108.819 | CZ9: 104.7887 | DA9: 95.3846 | DB9: 95.3846 | DC9: 118.2232 | DD9: 106.1322 | DE9: 137.0314 | DF9: 94.0411 | DG9: 99.4149 | DH9: 106.1322 | DI9: 108.819 | DJ9: 106.1322 | DK9: 118.2232 | DL9: -
A10: Cyprus | B10: 0 | C10: 0 | D10: 0 | E10: 0 | F10: 0 | G10: 0 | H10: 0 | I10: 0 | J10: 0 | K10: 0 | L10: 0 | M10: 0 | N10: 0 | O10: 0 | P10: 0 | Q10: 0 | R10: 0 | S10: 0 | T10: 0 | U10: 0 | V10: 0 | W10: 0 | X10: 0 | Y10: 0 | Z10: 0 | AA10: 0 | AB10: 0 | AC10: 0 | AD10: 0 | AE10: 0 | AF10: 0 | AG10: 0 | AH10: 0 | AI10: 0 | AJ10: 0 | AK10: 0 | AL10: 0 | AM10: 0 | AN10: 0 | AO10: 0 | AP10: 0 | AQ10: 0 | AR10: 0 | AS10: 0 | AT10: 0 | AU10: 0 | AV10: 0 | AW10: 0 | AX10: 0 | AY10: 0 | AZ10: 0 | BA10: 0 | BB10: 0 | BC10: 0 | BD10: 0 | BE10: 0 | BF10: 0 | BG10: 0 | BH10: 0 | BI10: 0 | BJ10: 0 | BK10: 0 | BL10: 0 | BM10: 0 | BN10: 0 | BO10: 0 | BP10: 0 | BQ10: 0 | BR10: 0 | BS10: 0 | BT10: 0 | BU10: 0 | BV10: 0 | BW10: 0 | BX10: 0 | BY10: 0 | BZ10: 0 | CA10: 0 | CB10: 0 | CC10: 0 | CD10: 0 | CE10: 0 | CF10: 0 | CG10: 0 | CH10: 0 | CI10: 0 | CJ10: 0 | CK10: 0 | CL10: 0 | CM10: 0 | CN10: 0 | CO10: 0 | CP10: 0 | CQ10: 0 | CR10: 0 | CS10: 0 | CT10: 0 | CU10: 0 | CV10: 0 | CW10: 0 | CX10: 0 | CY10: 0 | CZ10: 0 | DA10: 0 | DB10: 0 | DC10: 0 | DD10: 0 | DE10: 0 | DF10: 0 | DG10: 0 | DH10: 0 | DI10: 0 | DJ10: 0 | DK10: 0 | DL10: -
A11: Czech Republic | B11: 197.4864 | C11: 162.5568 | D11: 130.3142 | E11: 83.2936 | F11: 51.0509 | G11: 77.9198 | H11: 81.9501 | I11: 80.6067 | J11: 165.2437 | K11: 184.052 | L11: 167.9306 | M11: 147.7789 | N11: 158.5265 | O11: 182.7085 | P11: 157.1831 | Q11: 182.7085 | R11: 173.3044 | S11: 171.961 | T11: 189.4257 | U11: 175.9913 | V11: 190.7692 | W11: 143.7486 | X11: 169.2741 | Y11: 163.9003 | Z11: 167.9306 | AA11: 118.2232 | AB11: 69.8591 | AC11: 118.2232 | AD11: 175.9913 | AE11: 177.3347 | AF11: 185.3954 | AG11: 173.3044 | AH11: 180.0216 | AI11: 188.0823 | AJ11: 186.7388 | AK11: 146.4355 | AL11: 126.2838 | AM11: 163.9003 | AN11: 145.0921 | AO11: 185.3954 | AP11: 167.9306 | AQ11: 170.6175 | AR11: 177.3347 | AS11: 174.6478 | AT11: 178.6782 | AU11: 178.6782 | AV11: 177.3347 | AW11: 155.8396 | AX11: 145.0921 | AY11: 104.7887 | AZ11: 64.4854 | BA11: 96.728 | BB11: 99.4149 | BC11: 147.7789 | BD11: 173.3044 | BE11: 170.6175 | BF11: 167.9306 | BG11: 127.6273 | BH11: 94.0411 | BI11: 139.7183 | BJ11: 139.7183 | BK11: 128.9707 | BL11: 126.2838 | BM11: 171.961 | BN11: 163.9003 | BO11: 178.6782 | BP11: 186.7388 | BQ11: 175.9913 | BR11: 188.0823 | BS11: 182.7085 | BT11: 173.3044 | BU11: 177.3347 | BV11: 138.3748 | BW11: 85.9805 | BX11: 75.2329 | BY11: 155.8396 | BZ11: 167.9306 | CA11: 173.3044 | CB11: 178.6782 | CC11: 173.3044 | CD11: 175.9913 | CE11: 190.7692 | CF11: 185.3954 | CG11: 182.7085 | CH11: 137.0314 | CI11: 127.6273 | CJ11: 169.2741 | CK11: 182.7085 | CL11: 175.9913 | CM11: 193.4561 | CN11: 193.4561 | CO11: 159.8699 | CP11: 190.7692 | CQ11: 165.2437 | CR11: 166.5872 | CS11: 186.7388 | CT11: 171.961 | CU11: 124.9404 | CV11: 110.1625 | CW11: 114.1928 | CX11: 147.7789 | CY11: 184.052 | CZ11: 149.1224 | DA11: 153.1527 | DB11: 193.4561 | DC11: 189.4257 | DD11: 184.052 | DE11: 186.7388 | DF11: 142.4052 | DG11: 157.1831 | DH11: 154.4962 | DI11: 184.052 | DJ11: 153.1527 | DK11: 142.4052 | DL11: 170.6175
A12: Denmark | B12: 232.416 | C12: 248.5373 | D12: 116.8797 | E12: 107.4756 | F12: 225.6988 | G12: 245.8504 | H12: 266.0021 | I12: 257.9414 | J12: 287.4972 | K12: 270.0324 | L12: 260.6283 | M12: 248.5373 | N12: 231.0725 | O12: 268.689 | P12: 251.2242 | Q12: 266.0021 | R12: 236.4463 | S12: 259.2849 | T12: 245.8504 | U12: 213.6077 | V12: 248.5373 | W12: 247.1939 | X12: 257.9414 | Y12: 271.3759 | Z12: 236.4463 | AA12: 260.6283 | AB12: 232.416 | AC12: 239.1332 | AD12: 251.2242 | AE12: 227.0422 | AF12: 244.507 | AG12: 210.9209 | AH12: 213.6077 | AI12: 256.598 | AJ12: 271.3759 | AK12: 249.8808 | AL12: 235.1029 | AM12: 233.7594 | AN12: 266.0021 | AO12: 266.0021 | AP12: 210.9209 | AQ12: 252.5676 | AR12: 236.4463 | AS12: 213.6077 | AT12: 278.0931 | AU12: 264.6587 | AV12: 271.3759 | AW12: 263.3152 | AX12: 228.3856 | AY12: 223.0119 | AZ12: 244.507 | BA12: 236.4463 | BB12: 236.4463 | BC12: 243.1635 | BD12: 231.0725 | BE12: 174.6478 | BF12: 256.598 | BG12: 240.4766 | BH12: 252.5676 | BI12: 235.1029 | BJ12: 216.2946 | BK12: 227.0422 | BL12: 227.0422 | BM12: 229.7291 | BN12: 216.2946 | BO12: 232.416 | BP12: 248.5373 | BQ12: 232.416 | BR12: 251.2242 | BS12: 249.8808 | BT12: 243.1635 | BU12: 263.3152 | BV12: 212.2643 | BW12: 212.2643 | BX12: 243.1635 | BY12: 276.7497 | BZ12: 214.9512 | CA12: 243.1635 | CB12: 217.6381 | CC12: 266.0021 | CD12: 188.0823 | CE12: 240.4766 | CF12: 210.9209 | CG12: 225.6988 | CH12: 204.2036 | CI12: 220.325 | CJ12: 235.1029 | CK12: 267.3455 | CL12: 209.5774 | CM12: 235.1029 | CN12: 193.4561 | CO12: 274.0628 | CP12: 263.3152 | CQ12: 231.0725 | CR12: 259.2849 | CS12: 240.4766 | CT12: 223.0119 | CU12: 201.5167 | CV12: 171.961 | CW12: 192.1126 | CX12: 214.9512 | CY12: 235.1029 | CZ12: 223.0119 | DA12: 189.4257 | DB12: 224.3553 | DC12: 243.1635 | DD12: 266.0021 | DE12: 231.0725 | DF12: 228.3856 | DG12: 189.4257 | DH12: 231.0725 | DI12: 276.7497 | DJ12: 239.1332 | DK12: 245.8504 | DL12: 243.1635
A13: Estonia | B13: 0 | C13: 0 | D13: 0 | E13: 0 | F13: 0 | G13: 0 | H13: 0 | I13: 0 | J13: 0 | K13: 0 | L13: 0 | M13: 0 | N13: 0 | O13: 0 | P13: 0 | Q13: 0 | R13: 0 | S13: 0 | T13: 0 | U13: 0 | V13: 0 | W13: 0 | X13: 0 | Y13: 0 | Z13: 0 | AA13: 0 | AB13: 0 | AC13: 0 | AD13: 0 | AE13: 0 | AF13: 0 | AG13: 0 | AH13: 0 | AI13: 0 | AJ13: 0 | AK13: 0 | AL13: 0 | AM13: 0 | AN13: 0 | AO13: 0 | AP13: 0 | AQ13: 0 | AR13: 0 | AS13: 0 | AT13: 0 | AU13: 0 | AV13: 0 | AW13: 0 | AX13: 0 | AY13: 0 | AZ13: 0 | BA13: 0 | BB13: 0 | BC13: 0 | BD13: 0 | BE13: 0 | BF13: 0 | BG13: 0 | BH13: 0 | BI13: 0 | BJ13: 0 | BK13: 0 | BL13: 0 | BM13: 0 | BN13: 0 | BO13: 0 | BP13: 0 | BQ13: 0 | BR13: 0 | BS13: 0 | BT13: 0 | BU13: 0 | BV13: 0 | BW13: 0 | BX13: 0 | BY13: 0 | BZ13: 0 | CA13: 0 | CB13: 0 | CC13: 0 | CD13: 0 | CE13: 0 | CF13: 0 | CG13: 0 | CH13: 0 | CI13: 0 | CJ13: 0 | CK13: 0 | CL13: 0 | CM13: 0 | CN13: 0 | CO13: 0 | CP13: 0 | CQ13: 0 | CR13: 0 | CS13: 0 | CT13: 0 | CU13: 0 | CV13: 0 | CW13: 0 | CX13: 0 | CY13: 0 | CZ13: 0 | DA13: 0 | DB13: 0 | DC13: 0 | DD13: 0 | DE13: 0 | DF13: 0 | DG13: 0 | DH13: 0 | DI13: 0 | DJ13: 0 | DK13: 0 | DL13: 0
A14: Finland | B14: 420.4983 | C14: 478.2664 | D14: 471.5492 | E14: 510.5091 | F14: 470.2057 | G14: 506.4787 | H14: 522.6001 | I14: 502.4484 | J14: 510.5091 | K14: 450.0541 | L14: 497.0746 | M14: 511.8525 | N14: 393.6294 | O14: 505.1353 | P14: 428.5589 | Q14: 479.6098 | R14: 515.8829 | S14: 534.6911 | T14: 519.9132 | U14: 489.014 | V14: 499.7615 | W14: 505.1353 | X14: 542.7518 | Y14: 525.287 | Z14: 487.6705 | AA14: 486.3271 | AB14: 322.4268 | AC14: 484.9836 | AD14: 503.7919 | AE14: 518.5697 | AF14: 540.0649 | AG14: 507.8222 | AH14: 521.2566 | AI14: 536.0345 | AJ14: 540.0649 | AK14: 537.378 | AL14: 444.6803 | AM14: 501.105 | AN14: 456.7713 | AO14: 513.196 | AP14: 486.3271 | AQ14: 480.9533 | AR14: 513.196 | AS14: 484.9836 | AT14: 495.7312 | AU14: 536.0345 | AV14: 525.287 | AW14: 517.2263 | AX14: 490.3574 | AY14: 480.9533 | AZ14: 425.872 | BA14: 373.4777 | BB14: 416.4679 | BC14: 403.0335 | BD14: 503.7919 | BE14: 497.0746 | BF14: 517.2263 | BG14: 464.832 | BH14: 491.7008 | BI14: 417.8114 | BJ14: 421.8417 | BK14: 467.5188 | BL14: 193.4561 | BM14: 0 | BN14: 79.2633 | BO14: 463.4885 | BP14: 437.9631 | BQ14: 460.8016 | BR14: 489.014 | BS14: 490.3574 | BT14: 495.7312 | BU14: 476.923 | BV14: 431.2458 | BW14: 468.8623 | BX14: 459.4582 | BY14: 462.1451 | BZ14: 467.5188 | CA14: 486.3271 | CB14: 483.6402 | CC14: 423.1852 | CD14: 413.781 | CE14: 462.1451 | CF14: 498.4181 | CG14: 460.8016 | CH14: 435.2762 | CI14: 450.0541 | CJ14: 424.5286 | CK14: 451.3975 | CL14: 462.1451 | CM14: 468.8623 | CN14: 474.2361 | CO14: 472.8926 | CP14: 497.0746 | CQ14: 472.8926 | CR14: 490.3574 | CS14: 472.8926 | CT14: 450.0541 | CU14: 489.014 | CV14: 139.7183 | CW14: 24.182 | CX14: 333.1743 | CY14: 474.2361 | CZ14: 468.8623 | DA14: 466.1754 | DB14: 468.8623 | DC14: 429.9024 | DD14: 447.3672 | DE14: 471.5492 | DF14: 408.4073 | DG14: 454.0844 | DH14: 437.9631 | DI14: 462.1451 | DJ14: 454.0844 | DK14: 462.1451 | DL14: -
A15: France | B15: 1347.475 | C15: 1394.496 | D15: 1472.416 | E15: 1235.969 | F15: 863.8351 | G15: 1282.99 | H15: 1342.102 | I15: 1332.697 | J15: 1162.08 | K15: 1246.717 | L15: 1403.9 | M15: 1321.95 | N15: 1124.463 | O15: 1179.545 | P15: 1324.637 | Q15: 1311.202 | R15: 1264.182 | S15: 1371.657 | T15: 1488.537 | U15: 1386.435 | V15: 1344.788 | W15: 1371.657 | X15: 1359.566 | Y15: 1278.96 | Z15: 1147.302 | AA15: 1214.474 | AB15: 988.7755 | AC15: 1084.16 | AD15: 1178.201 | AE15: 1207.757 | AF15: 1362.253 | AG15: 1356.879 | AH15: 1348.819 | AI15: 1284.333 | AJ15: 1215.818 | AK15: 1378.375 | AL15: 1145.959 | AM15: 1070.726 | AN15: 1102.968 | AO15: 1096.251 | AP15: 971.3107 | AQ15: 1144.615 | AR15: 1328.667 | AS15: 1106.999 | AT15: 943.0983 | AU15: 885.3302 | AV15: 1025.049 | AW15: 1031.766 | AX15: 973.9976 | AY15: 827.5621 | AZ15: 523.9435 | BA15: 518.5697 | BB15: 787.2587 | BC15: 956.5328 | BD15: 953.8459 | BE15: 1111.029 | BF15: 1149.989 | BG15: 963.25 | BH15: 806.067 | BI15: 819.5014 | BJ15: 640.8232 | BK15: 764.4202 | BL15: 736.2078 | BM15: 822.1883 | BN15: 803.3801 | BO15: 925.6336 | BP15: 953.8459 | BQ15: 802.0366 | BR15: 861.1482 | BS15: 877.2695 | BT15: 832.9359 | BU15: 905.4819 | BV15: 712.0258 | BW15: 622.015 | BX15: 713.3693 | BY15: 819.5014 | BZ15: 913.5426 | CA15: 1007.584 | CB15: 1065.352 | CC15: 851.7441 | CD15: 446.0237 | CE15: 849.0572 | CF15: 991.4624 | CG15: 1049.231 | CH15: 862.4917 | CI15: 647.5405 | CJ15: 612.6109 | CK15: 921.6032 | CL15: 975.341 | CM15: 1066.695 | CN15: 1145.959 | CO15: 1069.382 | CP15: 865.1785 | CQ15: 857.1179 | CR15: 900.1081 | CS15: 835.6228 | CT15: 764.4202 | CU15: 775.1677 | CV15: 824.8752 | CW15: 926.977 | CX15: 992.8058 | CY15: 957.8762 | CZ15: 1046.544 | DA15: 1016.988 | DB15: 1037.14 | DC15: 1109.686 | DD15: 1105.655 | DE15: 1066.695 | DF15: 843.6834 | DG15: 917.5729 | DH15: 866.522 | DI15: 1003.553 | DJ15: 1046.544 | DK15: 1119.09 | DL15: 1112.372
A16: Georgia | B16: - | C16: - | D16: - | E16: - | F16: - | G16: - | H16: - | I16: - | J16: - | K16: - | L16: - | M16: - | N16: - | O16: 0 | P16: - | Q16: 0 | R16: - | S16: 0 | T16: 0 | U16: 1.3514 | V16: 0 | W16: 0 | X16: 0 | Y16: - | Z16: 0 | AA16: - | AB16: 0 | AC16: - | AD16: 0 | AE16: 0 | AF16: 0 | AG16: 0 | AH16: 0 | AI16: 0 | AJ16: 0 | AK16: - | AL16: - | AM16: - | AN16: 0 | AO16: 0 | AP16: 0 | AQ16: 0 | AR16: 0 | AS16: 0 | AT16: 0 | AU16: 0 | AV16: 0 | AW16: 0 | AX16: 0 | AY16: 0 | AZ16: 0 | BA16: 1.3514 | BB16: 1.3514 | BC16: 2.7028 | BD16: 2.7028 | BE16: 2.7028 | BF16: 1.3514 | BG16: 0 | BH16: 0 | BI16: 1.3514 | BJ16: 0 | BK16: 1.3514 | BL16: 1.3514 | BM16: 1.3514 | BN16: 1.3514 | BO16: 0 | BP16: 0 | BQ16: 1.3514 | BR16: 1.3514 | BS16: 2.7028 | BT16: 0 | BU16: 1.3514 | BV16: 1.3514 | BW16: 0 | BX16: 0 | BY16: 0 | BZ16: 1.3514 | CA16: 0 | CB16: 0 | CC16: 0 | CD16: 0 | CE16: 1.3514 | CF16: 1.3514 | CG16: 0 | CH16: 0 | CI16: 2.7028 | CJ16: 2.7028 | CK16: 2.7028 | CL16: 1.3514 | CM16: 1.3514 | CN16: 1.3514 | CO16: 2.7028 | CP16: 1.3514 | CQ16: 0 | CR16: 1.3514 | CS16: 1.3514 | CT16: 1.3514 | CU16: 2.7028 | CV16: 2.7028 | CW16: 1.3514 | CX16: 1.3514 | CY16: 2.7028 | CZ16: 2.7028 | DA16: 1.3514 | DB16: 1.3514 | DC16: 1.3514 | DD16: 0 | DE16: 0 | DF16: 0 | DG16: 1.3514 | DH16: 0 | DI16: 1.3514 | DJ16: 1.3514 | DK16: - | DL16: -
A17: Germany | B17: 2185.785 | C17: 2219.371 | D17: 2109.209 | E17: 2404.766 | F17: 2306.695 | G17: 2442.383 | H17: 2482.686 | I17: 2220.715 | J17: 2463.878 | K17: 2395.362 | L17: 2453.131 | M17: 2263.705 | N17: 1905.005 | O17: 2213.997 | P17: 2154.886 | Q17: 2226.088 | R17: 1911.722 | S17: 2230.119 | T17: 2281.17 | U17: 2197.876 | V17: 2356.402 | W17: 2310.725 | X17: 2553.889 | Y17: 2576.727 | Z17: 2259.674 | AA17: 2360.433 | AB17: 2346.998 | AC17: 2506.868 | AD17: 2346.998 | AE17: 2450.444 | AF17: 2367.15 | AG17: 2027.258 | AH17: 2070.249 | AI17: 2179.068 | AJ17: 2342.968 | AK17: 2379.241 | AL17: 2098.461 | AM17: 2183.098 | AN17: 2097.118 | AO17: 2209.967 | AP17: 2270.422 | AQ17: 2423.575 | AR17: 2153.542 | AS17: 2235.492 | AT17: 2459.848 | AU17: 2334.907 | AV17: 2385.958 | AW17: 2462.535 | AX17: 2215.341 | AY17: 2117.269 | AZ17: 1704.832 | BA17: 2024.572 | BB17: 2153.542 | BC17: 2289.23 | BD17: 2363.12 | BE17: 2185.785 | BF17: 2490.747 | BG17: 2213.997 | BH17: 2141.451 | BI17: 2199.219 | BJ17: 1733.044 | BK17: 1800.216 | BL17: 2062.188 | BM17: 2156.229 | BN17: 2038.006 | BO17: 2218.028 | BP17: 2381.928 | BQ17: 2181.755 | BR17: 2396.706 | BS17: 2262.361 | BT17: 2308.038 | BU17: 2138.764 | BV17: 1980.238 | BW17: 2267.735 | BX17: 2283.856 | BY17: 2273.109 | BZ17: 2377.898 | CA17: 2400.736 | CB17: 2263.705 | CC17: 2271.765 | CD17: 2338.938 | CE17: 2293.261 | CF17: 2375.211 | CG17: 2231.462 | CH17: 1930.53 | CI17: 1976.208 | CJ17: 1835.146 | CK17: 1867.389 | CL17: 2203.25 | CM17: 2289.23 | CN17: 2242.21 | CO17: 2064.875 | CP17: 1978.894 | CQ17: 1891.571 | CR17: 2195.189 | CS17: 2308.038 | CT17: 2243.553 | CU17: 2313.412 | CV17: 2175.037 | CW17: 2355.059 | CX17: 2271.765 | CY17: 2400.736 | CZ17: 2465.222 | DA17: 2367.15 | DB17: 2262.361 | DC17: 2388.645 | DD17: 2473.282 | DE17: 2407.453 | DF17: 1972.177 | DG17: 2274.452 | DH17: 2269.079 | DI17: 2324.16 | DJ17: 2430.292 | DK17: 2446.413 | DL17: 2368.493
A18: Greece | B18: 583.0551 | C18: 562.9034 | D18: 487.6705 | E18: 603.2068 | F18: 541.4083 | G18: 583.0551 | H18: 593.8027 | I18: 624.7019 | J18: 596.4896 | K18: 536.0345 | L18: 600.5199 | M18: 603.2068 | N18: 553.4993 | O18: 617.9847 | P18: 595.1461 | Q18: 646.197 | R18: 583.0551 | S18: 644.8536 | T18: 574.9944 | U18: 570.9641 | V18: 544.0952 | W18: 589.7723 | X18: 583.0551 | Y18: 674.4094 | Z18: 597.833 | AA18: 612.6109 | AB18: 595.1461 | AC18: 587.0854 | AD18: 545.4386 | AE18: 589.7723 | AF18: 627.3888 | AG18: 597.833 | AH18: 577.6813 | AI18: 569.6207 | AJ18: 613.9543 | AK18: 608.5806 | AL18: 540.0649 | AM18: 529.3173 | AN18: 483.6402 | AO18: 513.196 | AP18: 728.1472 | AQ18: 604.5502 | AR18: 632.7626 | AS18: 514.5394 | AT18: 548.1255 | AU18: 522.6001 | AV18: 556.1862 | AW18: 619.3281 | AX18: 498.4181 | AY18: 532.0042 | AZ18: 493.0443 | BA18: 589.7723 | BB18: 627.3888 | BC18: 560.2165 | BD18: 561.56 | BE18: 420.4983 | BF18: 335.8612 | BG18: 489.014 | BH18: 517.2263 | BI18: 532.0042 | BJ18: 428.5589 | BK18: 592.4592 | BL18: 600.5199 | BM18: 514.5394 | BN18: 564.2469 | BO18: 560.2165 | BP18: 643.5101 | BQ18: 643.5101 | BR18: 607.2371 | BS18: 634.106 | BT18: 584.3986 | BU18: 589.7723 | BV18: 552.1559 | BW18: 593.8027 | BX18: 576.3379 | BY18: 501.105 | BZ18: 518.5697 | CA18: 639.4798 | CB18: 569.6207 | CC18: 460.8016 | CD18: 493.0443 | CE18: 573.651 | CF18: 666.3487 | CG18: 718.743 | CH18: 607.2371 | CI18: 718.743 | CJ18: 604.5502 | CK18: 683.8135 | CL18: 591.1158 | CM18: 741.5816 | CN18: 673.0659 | CO18: 605.8937 | CP18: 662.3184 | CQ18: 685.1569 | CR18: 721.4299 | CS18: 722.7734 | CT18: 650.2274 | CU18: 712.0258 | CV18: 678.4397 | CW18: 624.7019 | CX18: 702.6217 | CY18: 755.0161 | CZ18: 759.0464 | DA18: 603.2068 | DB18: 686.5004 | DC18: 690.5307 | DD18: 701.2783 | DE18: 726.8037 | DF18: 587.0854 | DG18: 634.106 | DH18: 635.4495 | DI18: 583.0551 | DJ18: 631.4191 | DK18: 697.2479 | DL18: -
A19: Hungary | B19: 126.2838 | C19: 153.1527 | D19: 166.5872 | E19: 154.4962 | F19: 139.7183 | G19: 141.0617 | H19: 108.819 | I19: 55.0812 | J19: 47.0206 | K19: 143.7486 | L19: 143.7486 | M19: 111.5059 | N19: 96.728 | O19: 110.1625 | P19: 124.9404 | Q19: 135.6879 | R19: 149.1224 | S19: 124.9404 | T19: 141.0617 | U19: 102.1018 | V19: 67.1722 | W19: 122.2535 | X19: 145.0921 | Y19: 128.9707 | Z19: 103.4453 | AA19: 112.8494 | AB19: 104.7887 | AC19: 127.6273 | AD19: 155.8396 | AE19: 149.1224 | AF19: 146.4355 | AG19: 143.7486 | AH19: 135.6879 | AI19: 147.7789 | AJ19: 153.1527 | AK19: 123.5969 | AL19: 88.6674 | AM19: 131.6576 | AN19: 123.5969 | AO19: 154.4962 | AP19: 147.7789 | AQ19: 116.8797 | AR19: 119.5666 | AS19: 79.2633 | AT19: 126.2838 | AU19: 137.0314 | AV19: 120.91 | AW19: 116.8797 | AX19: 111.5059 | AY19: 134.3445 | AZ19: 99.4149 | BA19: 135.6879 | BB19: 135.6879 | BC19: 127.6273 | BD19: 157.1831 | BE19: 126.2838 | BF19: 128.9707 | BG19: 116.8797 | BH19: 100.7584 | BI19: 102.1018 | BJ19: 112.8494 | BK19: 106.1322 | BL19: 83.2936 | BM19: 69.8591 | BN19: 133.001 | BO19: 138.3748 | BP19: 133.001 | BQ19: 122.2535 | BR19: 112.8494 | BS19: 127.6273 | BT19: 163.9003 | BU19: 111.5059 | BV19: 116.8797 | BW19: 158.5265 | BX19: 150.4658 | BY19: 138.3748 | BZ19: 131.6576 | CA19: 134.3445 | CB19: 114.1928 | CC19: 111.5059 | CD19: 142.4052 | CE19: 87.3239 | CF19: 146.4355 | CG19: 126.2838 | CH19: 133.001 | CI19: 137.0314 | CJ19: 128.9707 | CK19: 131.6576 | CL19: 150.4658 | CM19: 131.6576 | CN19: 141.0617 | CO19: 137.0314 | CP19: 133.001 | CQ19: 120.91 | CR19: 134.3445 | CS19: 154.4962 | CT19: 124.9404 | CU19: 90.0108 | CV19: 108.819 | CW19: 142.4052 | CX19: 104.7887 | CY19: 112.8494 | CZ19: 128.9707 | DA19: 128.9707 | DB19: 147.7789 | DC19: 166.5872 | DD19: 142.4052 | DE19: 147.7789 | DF19: 123.5969 | DG19: 120.91 | DH19: 111.5059 | DI19: 150.4658 | DJ19: 135.6879 | DK19: 115.5363 | DL19: 116.8797
A20: Iceland | B20: 0 | C20: 0 | D20: 0 | E20: 0 | F20: 0 | G20: 0 | H20: 0 | I20: 0 | J20: 0 | K20: 0 | L20: 0 | M20: 0 | N20: 0 | O20: 0 | P20: 0 | Q20: 0 | R20: 0 | S20: 0 | T20: 0 | U20: 0 | V20: 0 | W20: 0 | X20: 0 | Y20: 0 | Z20: 0 | AA20: 0 | AB20: 0 | AC20: 0 | AD20: 0 | AE20: 0 | AF20: 0 | AG20: 0 | AH20: 0 | AI20: 0 | AJ20: 0 | AK20: 0 | AL20: 0 | AM20: 0 | AN20: 0 | AO20: 0 | AP20: 0 | AQ20: 0 | AR20: 0 | AS20: 0 | AT20: 0 | AU20: 0 | AV20: 0 | AW20: 0 | AX20: 0 | AY20: 0 | AZ20: 0 | BA20: 0 | BB20: 0 | BC20: 0 | BD20: 0 | BE20: 0 | BF20: 0 | BG20: 0 | BH20: 0 | BI20: 0 | BJ20: 0 | BK20: 0 | BL20: 0 | BM20: 0 | BN20: 0 | BO20: 0 | BP20: 0 | BQ20: 0 | BR20: 0 | BS20: 0 | BT20: 0 | BU20: 0 | BV20: 0 | BW20: 0 | BX20: 0 | BY20: 0 | BZ20: 0 | CA20: 0 | CB20: 0 | CC20: 0 | CD20: 0 | CE20: 0 | CF20: 0 | CG20: 0 | CH20: 0 | CI20: 0 | CJ20: 0 | CK20: 0 | CL20: 0 | CM20: 0 | CN20: 0 | CO20: 0 | CP20: 0 | CQ20: 0 | CR20: 0 | CS20: 0 | CT20: 0 | CU20: 0 | CV20: 0 | CW20: 0 | CX20: 0 | CY20: 0 | CZ20: 0 | DA20: 0 | DB20: 0 | DC20: 0 | DD20: 0 | DE20: 0 | DF20: 0 | DG20: 0 | DH20: 0 | DI20: 0 | DJ20: 0 | DK20: 0 | DL20: 0
A21: Ireland | B21: 60.455 | C21: 65.8288 | D21: 56.4247 | E21: 57.7681 | F21: 57.7681 | G21: 67.1722 | H21: 56.4247 | I21: 55.0812 | J21: 68.5157 | K21: 52.3944 | L21: 60.455 | M21: 71.2026 | N21: 63.1419 | O21: 61.7985 | P21: 64.4854 | Q21: 47.0206 | R21: 61.7985 | S21: 51.0509 | T21: 52.3944 | U21: 63.1419 | V21: 49.7075 | W21: 67.1722 | X21: 84.637 | Y21: 73.8895 | Z21: 61.7985 | AA21: 72.546 | AB21: 51.0509 | AC21: 59.1116 | AD21: 56.4247 | AE21: 71.2026 | AF21: 68.5157 | AG21: 73.8895 | AH21: 75.2329 | AI21: 68.5157 | AJ21: 73.8895 | AK21: 79.2633 | AL21: 60.455 | AM21: 64.4854 | AN21: 53.7378 | AO21: 26.8689 | AP21: 6.7172 | AQ21: 56.4247 | AR21: 67.1722 | AS21: 68.5157 | AT21: 61.7985 | AU21: 60.455 | AV21: 81.9501 | AW21: 88.6674 | AX21: 67.1722 | AY21: 64.4854 | AZ21: 16.1213 | BA21: 25.5255 | BB21: 49.7075 | BC21: 63.1419 | BD21: 64.4854 | BE21: 72.546 | BF21: 71.2026 | BG21: 63.1419 | BH21: 73.8895 | BI21: 68.5157 | BJ21: 53.7378 | BK21: 42.9902 | BL21: 44.3337 | BM21: 59.1116 | BN21: 67.1722 | BO21: 52.3944 | BP21: 57.7681 | BQ21: 80.6067 | BR21: 76.5764 | BS21: 60.455 | BT21: 67.1722 | BU21: 63.1419 | BV21: 42.9902 | BW21: 73.8895 | BX21: 47.0206 | BY21: 63.1419 | BZ21: 72.546 | CA21: 56.4247 | CB21: 40.3033 | CC21: 69.8591 | CD21: 63.1419 | CE21: 49.7075 | CF21: 73.8895 | CG21: 69.8591 | CH21: 61.7985 | CI21: 68.5157 | CJ21: 72.546 | CK21: 68.5157 | CL21: 59.1116 | CM21: 68.5157 | CN21: 72.546 | CO21: 67.1722 | CP21: 75.2329 | CQ21: 33.5861 | CR21: 60.455 | CS21: 51.0509 | CT21: 42.9902 | CU21: 52.3944 | CV21: 56.4247 | CW21: 52.3944 | CX21: 0 | CY21: 0 | CZ21: 4.0303 | DA21: 26.8689 | DB21: 5.3738 | DC21: 26.8689 | DD21: 55.0812 | DE21: 55.0812 | DF21: 48.364 | DG21: 67.1722 | DH21: 49.7075 | DI21: 56.4247 | DJ21: 60.455 | DK21: 55.0812 | DL21: 68.5157
A22: Italy | B22: 1636.316 | C22: 1534.214 | D22: 1587.952 | E22: 2032.632 | F22: 1659.155 | G22: 1988.299 | H22: 1891.571 | I22: 1937.248 | J22: 1906.348 | K22: 1754.539 | L22: 1968.147 | M22: 1699.458 | N22: 1465.698 | O22: 1594.669 | P22: 1538.245 | Q22: 1563.77 | R22: 1679.306 | S22: 1694.084 | T22: 1891.571 | U22: 1841.863 | V22: 1925.157 | W22: 1683.337 | X22: 1923.813 | Y22: 1684.68 | Z22: 1524.81 | AA22: 1778.721 | AB22: 1544.962 | AC22: 1649.75 | AD22: 1648.407 | AE22: 1769.317 | AF22: 1798.873 | AG22: 1613.477 | AH22: 1829.772 | AI22: 1835.146 | AJ22: 1700.801 | AK22: 1737.074 | AL22: 1355.536 | AM22: 1522.123 | AN22: 1555.709 | AO22: 1655.124 | AP22: 1722.296 | AQ22: 1964.117 | AR22: 1974.864 | AS22: 1978.894 | AT22: 2033.976 | AU22: 1750.509 | AV22: 1680.65 | AW22: 1746.478 | AX22: 1445.547 | AY22: 1227.909 | AZ22: 1019.675 | BA22: 972.6541 | BB22: 1278.96 | BC22: 1504.658 | BD22: 1711.549 | BE22: 1652.437 | BF22: 1739.761 | BG22: 1500.628 | BH22: 1354.193 | BI22: 1520.78 | BJ22: 1119.09 | BK22: 1518.093 | BL22: 1683.337 | BM22: 1712.892 | BN22: 1522.123 | BO22: 1750.509 | BP22: 1617.508 | BQ22: 1676.619 | BR22: 1832.459 | BS22: 1895.601 | BT22: 1548.992 | BU22: 1769.317 | BV22: 1636.316 | BW22: 1739.761 | BX22: 1754.539 | BY22: 2189.815 | BZ22: 1856.641 | CA22: 1819.025 | CB22: 2011.137 | CC22: 1672.589 | CD22: 1828.429 | CE22: 1734.387 | CF22: 1882.166 | CG22: 2148.169 | CH22: 1524.81 | CI22: 1585.265 | CJ22: 1751.852 | CK22: 1616.164 | CL22: 1737.074 | CM22: 2044.723 | CN22: 2256.988 | CO22: 1890.227 | CP22: 1935.904 | CQ22: 1995.016 | CR22: 1731.701 | CS22: 2128.017 | CT22: 1797.529 | CU22: 1941.278 | CV22: 1824.398 | CW22: 1780.065 | CX22: 1880.823 | CY22: 1981.581 | CZ22: 1985.612 | DA22: 1743.792 | DB22: 1835.146 | DC22: 1507.345 | DD22: 1972.177 | DE22: 1853.954 | DF22: 1507.345 | DG22: 1688.71 | DH22: 1899.631 | DI22: 1827.085 | DJ22: 1837.833 | DK22: 1934.561 | DL22: 1860.671
A23: Kazakhstan | B23: 304.0637 | C23: 325.686 | D23: 389.2016 | E23: 371.6334 | F23: 370.282 | G23: 381.0932 | H23: 327.0374 | I23: 220.2773 | J23: 229.737 | K23: 337.8486 | L23: 425.6892 | M23: 408.1211 | N23: 352.7139 | O23: 333.7944 | P23: 278.3872 | Q23: 278.3872 | R23: 372.9848 | S23: 405.4183 | T23: 362.1737 | U23: 268.9275 | V23: 277.0358 | W23: 341.9028 | X23: 363.5251 | Y23: 389.2016 | Z23: 339.2 | AA23: 394.6071 | AB23: 393.2557 | AC23: 404.0669 | AD23: 462.1769 | AE23: 487.8533 | AF23: 459.4741 | AG23: 513.5298 | AH23: 544.6119 | AI23: 477.0422 | AJ23: 500.0159 | AK23: 512.1784 | AL23: 363.5251 | AM23: 363.5251 | AN23: 413.5267 | AO23: 493.2589 | AP23: 525.6924 | AQ23: 468.9338 | AR23: 620.29 | AS23: 629.7498 | AT23: 540.5577 | AU23: 571.6398 | AV23: 633.8039 | AW23: 577.0454 | AX23: 547.3147 | AY23: 463.5283 | AZ23: 391.9044 | BA23: 420.2836 | BB23: 460.8255 | BC23: 520.2868 | BD23: 504.0701 | BE23: 427.0406 | BF23: 563.5314 | BG23: 558.1259 | BH23: 559.4772 | BI23: 551.3689 | BJ23: 524.341 | BK23: 490.5561 | BL23: 525.6924 | BM23: 416.2295 | BN23: 518.9354 | BO23: 605.4247 | BP23: 589.2079 | BQ23: 533.8008 | BR23: 508.1243 | BS23: 583.8023 | BT23: 662.1832 | BU23: 554.0717 | BV23: 521.6382 | BW23: 554.0717 | BX23: 544.6119 | BY23: 579.7482 | BZ23: 587.8565 | CA23: 475.6908 | CB23: 586.5051 | CC23: 617.5872 | CD23: 520.2868 | CE23: 516.2326 | CF23: 655.4262 | CG23: 667.5888 | CH23: 512.1784 | CI23: 551.3689 | CJ23: 571.6398 | CK23: 637.8581 | CL23: 552.7203 | CM23: 443.2573 | CN23: 705.4278 | CO23: 666.2374 | CP23: 539.2063 | CQ23: 662.1832 | CR23: 667.5888 | CS23: 617.5872 | CT23: 598.6677 | CU23: 590.5593 | CV23: 437.8518 | CW23: 609.4788 | CX23: 606.7761 | CY23: 574.3426 | CZ23: 693.2653 | DA23: 644.6151 | DB23: 550.0175 | DC23: 689.2111 | DD23: 772.9976 | DE23: 779.7545 | DF23: 689.2111 | DG23: 710.8334 | DH23: 636.5067 | DI23: 650.0207 | DJ23: 579.7482 | DK23: 571.6398 | DL23: -
A24: Latvia | B24: 0 | C24: 0 | D24: 0 | E24: 0 | F24: 0 | G24: 0 | H24: 0 | I24: 0 | J24: 0 | K24: 0 | L24: 0 | M24: 0 | N24: 0 | O24: 0 | P24: 0 | Q24: 0 | R24: 0 | S24: 0 | T24: 0 | U24: 0 | V24: 0 | W24: 0 | X24: 0 | Y24: 0 | Z24: 0 | AA24: 0 | AB24: 0 | AC24: 0 | AD24: 0 | AE24: 0 | AF24: 0 | AG24: 0 | AH24: 0 | AI24: 0 | AJ24: 0 | AK24: 0 | AL24: 0 | AM24: 0 | AN24: 0 | AO24: 0 | AP24: 0 | AQ24: 0 | AR24: 0 | AS24: 0 | AT24: 0 | AU24: 0 | AV24: 0 | AW24: 0 | AX24: 0 | AY24: 0 | AZ24: 0 | BA24: 0 | BB24: 0 | BC24: 0 | BD24: 0 | BE24: 0 | BF24: 0 | BG24: 0 | BH24: 0 | BI24: 0 | BJ24: 0 | BK24: 0 | BL24: 0 | BM24: 0 | BN24: 0 | BO24: 0 | BP24: 0 | BQ24: 0 | BR24: 0 | BS24: 0 | BT24: 0 | BU24: 0 | BV24: 0 | BW24: 0 | BX24: 0 | BY24: 0 | BZ24: 0 | CA24: 0 | CB24: 0 | CC24: 0 | CD24: 0 | CE24: 0 | CF24: 0 | CG24: 0 | CH24: 0 | CI24: 0 | CJ24: 0 | CK24: 0 | CL24: 0 | CM24: 0 | CN24: 0 | CO24: 0 | CP24: 0 | CQ24: 0 | CR24: 0 | CS24: 0 | CT24: 0 | CU24: 0 | CV24: 0 | CW24: 0 | CX24: 0 | CY24: 0 | CZ24: 0 | DA24: 0 | DB24: 0 | DC24: 0 | DD24: 0 | DE24: 0 | DF24: 0 | DG24: 0 | DH24: 0 | DI24: 0 | DJ24: 0 | DK24: 0 | DL24: 0
A25: Lithuania | B25: 278.0931 | C25: 263.3152 | D25: 218.9815 | E25: 325.1137 | F25: 313.0227 | G25: 311.6792 | H25: 302.2751 | I25: 274.0628 | J25: 303.6186 | K25: 298.2448 | L25: 313.0227 | M25: 296.9013 | N25: 252.5676 | O25: 237.7898 | P25: 247.1939 | Q25: 314.3661 | R25: 325.1137 | S25: 342.5785 | T25: 329.144 | U25: 327.8006 | V25: 334.5178 | W25: 331.8309 | X25: 337.2047 | Y25: 307.6489 | Z25: 280.78 | AA25: 251.2242 | AB25: 118.2232 | AC25: 318.3965 | AD25: 327.8006 | AE25: 314.3661 | AF25: 313.0227 | AG25: 288.8407 | AH25: 295.5579 | AI25: 295.5579 | AJ25: 319.7399 | AK25: 308.9923 | AL25: 186.7388 | AM25: 266.0021 | AN25: 257.9414 | AO25: 300.9317 | AP25: 287.4972 | AQ25: 296.9013 | AR25: 298.2448 | AS25: 287.4972 | AT25: 275.4062 | AU25: 282.1234 | AV25: 264.6587 | AW25: 223.0119 | AX25: 243.1635 | AY25: 256.598 | AZ25: 188.0823 | BA25: 283.4669 | BB25: 216.2946 | BC25: 221.6684 | BD25: 255.2545 | BE25: 260.6283 | BF25: 256.598 | BG25: 257.9414 | BH25: 206.8905 | BI25: 194.7995 | BJ25: 194.7995 | BK25: 214.9512 | BL25: 124.9404 | BM25: 317.053 | BN25: 302.2751 | BO25: 241.8201 | BP25: 337.2047 | BQ25: 307.6489 | BR25: 345.2654 | BS25: 314.3661 | BT25: 310.3358 | BU25: 287.4972 | BV25: 253.9111 | BW25: 323.7702 | BX25: 307.6489 | BY25: 63.1419 | BZ25: 77.9198 | CA25: 327.8006 | CB25: 321.0833 | CC25: 264.6587 | CD25: 329.144 | CE25: 317.053 | CF25: 334.5178 | CG25: 280.78 | CH25: 240.4766 | CI25: 313.0227 | CJ25: 317.053 | CK25: 322.4268 | CL25: 326.4571 | CM25: 342.5785 | CN25: 364.0736 | CO25: 347.9522 | CP25: 276.7497 | CQ25: 343.9219 | CR25: 339.8916 | CS25: 356.0129 | CT25: 272.7193 | CU25: 231.0725 | CV25: 351.9826 | CW25: 353.326 | CX25: 333.1743 | CY25: 337.2047 | CZ25: 354.6695 | DA25: 310.3358 | DB25: 180.0216 | DC25: 295.5579 | DD25: 321.0833 | DE25: 322.4268 | DF25: 306.3054 | DG25: 330.4875 | DH25: 284.8103 | DI25: 339.8916 | DJ25: 345.2654 | DK25: 373.4777 | DL25: 361.3867
A26: Luxembourg | B26: 0 | C26: 0 | D26: 0 | E26: 0 | F26: 0 | G26: 0 | H26: 0 | I26: 0 | J26: 0 | K26: 0 | L26: 0 | M26: 0 | N26: 0 | O26: 0 | P26: 0 | Q26: 0 | R26: 0 | S26: 0 | T26: 0 | U26: 0 | V26: 0 | W26: 0 | X26: 0 | Y26: 0 | Z26: 0 | AA26: 0 | AB26: 0 | AC26: 0 | AD26: 0 | AE26: 0 | AF26: 0 | AG26: 0 | AH26: 0 | AI26: 0 | AJ26: 0 | AK26: 0 | AL26: 0 | AM26: 0 | AN26: 0 | AO26: 0 | AP26: 0 | AQ26: 0 | AR26: 0 | AS26: 0 | AT26: 0 | AU26: 0 | AV26: 0 | AW26: 0 | AX26: 0 | AY26: 0 | AZ26: 0 | BA26: 0 | BB26: 0 | BC26: 0 | BD26: 0 | BE26: 0 | BF26: 0 | BG26: 0 | BH26: 0 | BI26: 0 | BJ26: 0 | BK26: 0 | BL26: 0 | BM26: 0 | BN26: 0 | BO26: 0 | BP26: 0 | BQ26: 0 | BR26: 0 | BS26: 0 | BT26: 0 | BU26: 0 | BV26: 0 | BW26: 0 | BX26: 0 | BY26: 0 | BZ26: 0 | CA26: 0 | CB26: 0 | CC26: 0 | CD26: 0 | CE26: 0 | CF26: 0 | CG26: 0 | CH26: 0 | CI26: 0 | CJ26: 0 | CK26: 0 | CL26: 0 | CM26: 0 | CN26: 0 | CO26: 0 | CP26: 0 | CQ26: 0 | CR26: 0 | CS26: 0 | CT26: 0 | CU26: 0 | CV26: 0 | CW26: 0 | CX26: 0 | CY26: 0 | CZ26: 0 | DA26: 0 | DB26: 0 | DC26: 0 | DD26: 0 | DE26: 0 | DF26: 0 | DG26: 0 | DH26: 0 | DI26: 0 | DJ26: 0 | DK26: 0 | DL26: 0
A27: North Macedonia | B27: 0 | C27: 0 | D27: 0 | E27: 0 | F27: 0 | G27: 0 | H27: 0 | I27: 0 | J27: 0 | K27: 0 | L27: 0 | M27: 0 | N27: 0 | O27: 0 | P27: 0 | Q27: 0 | R27: 0 | S27: 0 | T27: 0 | U27: 0 | V27: 0 | W27: 0 | X27: 0 | Y27: 0 | Z27: 0 | AA27: 0 | AB27: 0 | AC27: 0 | AD27: 0 | AE27: 0 | AF27: 0 | AG27: 0 | AH27: 0 | AI27: 0 | AJ27: 0 | AK27: 0 | AL27: 0 | AM27: 0 | AN27: 0 | AO27: 0 | AP27: 0 | AQ27: 0 | AR27: 0 | AS27: 0 | AT27: 0 | AU27: 0 | AV27: 0 | AW27: 0 | AX27: 0 | AY27: 0 | AZ27: 0 | BA27: 0 | BB27: 0 | BC27: 0 | BD27: 0 | BE27: 0 | BF27: 0 | BG27: 0 | BH27: 0 | BI27: 0 | BJ27: 0 | BK27: 0 | BL27: 0 | BM27: 0 | BN27: 0 | BO27: 0 | BP27: 0 | BQ27: 0 | BR27: 0 | BS27: 0 | BT27: 0 | BU27: 0 | BV27: 0 | BW27: 0 | BX27: 0 | BY27: 0 | BZ27: 0 | CA27: 0 | CB27: 0 | CC27: 0 | CD27: - | CE27: - | CF27: - | CG27: - | CH27: - | CI27: - | CJ27: - | CK27: - | CL27: - | CM27: - | CN27: - | CO27: - | CP27: - | CQ27: - | CR27: - | CS27: - | CT27: - | CU27: - | CV27: - | CW27: - | CX27: - | CY27: - | CZ27: - | DA27: - | DB27: - | DC27: - | DD27: - | DE27: - | DF27: - | DG27: - | DH27: - | DI27: - | DJ27: - | DK27: - | DL27: -
A28: Malta | B28: 0 | C28: 0 | D28: 0 | E28: 0 | F28: 0 | G28: 0 | H28: 0 | I28: 0 | J28: 0 | K28: 0 | L28: 0 | M28: 0 | N28: 0 | O28: 0 | P28: 0 | Q28: - | R28: 0 | S28: 0 | T28: 0 | U28: 0 | V28: 0 | W28: 0 | X28: 0 | Y28: 0 | Z28: 0 | AA28: 0 | AB28: 0 | AC28: 0 | AD28: 0 | AE28: 0 | AF28: 0 | AG28: 0 | AH28: 0 | AI28: 0 | AJ28: 0 | AK28: 0 | AL28: 0 | AM28: 0 | AN28: 0 | AO28: 0 | AP28: 0 | AQ28: 0 | AR28: 0 | AS28: 0 | AT28: 0 | AU28: 0 | AV28: 0 | AW28: 0 | AX28: 0 | AY28: 0 | AZ28: 0 | BA28: 0 | BB28: 0 | BC28: 0 | BD28: 0 | BE28: 0 | BF28: 0 | BG28: 0 | BH28: 0 | BI28: 0 | BJ28: 0 | BK28: 0 | BL28: 0 | BM28: 0 | BN28: 0 | BO28: 0 | BP28: 0 | BQ28: 0 | BR28: 0 | BS28: 0 | BT28: 0 | BU28: 0 | BV28: 0 | BW28: 0 | BX28: 0 | BY28: 0 | BZ28: 0 | CA28: 0 | CB28: 0 | CC28: 0 | CD28: 0 | CE28: 0 | CF28: 0 | CG28: 0 | CH28: 0 | CI28: 0 | CJ28: 0 | CK28: 0 | CL28: 0 | CM28: 0 | CN28: 0 | CO28: 0 | CP28: 0 | CQ28: 0 | CR28: 0 | CS28: 0 | CT28: 0 | CU28: 0 | CV28: 0 | CW28: 0 | CX28: 0 | CY28: 0 | CZ28: 0 | DA28: 0 | DB28: 0 | DC28: 0 | DD28: 0 | DE28: 0 | DF28: 0 | DG28: 0 | DH28: 0 | DI28: 0 | DJ28: 0 | DK28: 0 | DL28: -
A29: Moldova | B29: - | C29: - | D29: - | E29: - | F29: - | G29: - | H29: - | I29: - | J29: - | K29: - | L29: - | M29: - | N29: - | O29: - | P29: - | Q29: - | R29: - | S29: - | T29: - | U29: - | V29: - | W29: - | X29: - | Y29: - | Z29: - | AA29: - | AB29: - | AC29: - | AD29: - | AE29: - | AF29: - | AG29: - | AH29: - | AI29: - | AJ29: - | AK29: - | AL29: - | AM29: - | AN29: - | AO29: - | AP29: - | AQ29: - | AR29: - | AS29: - | AT29: - | AU29: - | AV29: - | AW29: - | AX29: - | AY29: - | AZ29: - | BA29: - | BB29: 2.7028 | BC29: 0 | BD29: 1.3514 | BE29: 1.3514 | BF29: 0 | BG29: 0 | BH29: - | BI29: - | BJ29: - | BK29: - | BL29: 0 | BM29: - | BN29: - | BO29: - | BP29: - | BQ29: - | BR29: - | BS29: - | BT29: - | BU29: - | BV29: - | BW29: - | BX29: 0 | BY29: - | BZ29: - | CA29: - | CB29: - | CC29: - | CD29: - | CE29: 0 | CF29: 0 | CG29: - | CH29: - | CI29: - | CJ29: 0 | CK29: 0 | CL29: - | CM29: - | CN29: - | CO29: 0 | CP29: - | CQ29: 0 | CR29: 0 | CS29: - | CT29: - | CU29: - | CV29: - | CW29: - | CX29: - | CY29: - | CZ29: - | DA29: - | DB29: 0 | DC29: 0 | DD29: - | DE29: 0 | DF29: 0 | DG29: - | DH29: 0 | DI29: 0 | DJ29: - | DK29: - | DL29: -
A30: Netherlands | B30: 415.1245 | C30: 521.2566 | D30: 307.6489 | E30: 341.235 | F30: 446.0237 | G30: 470.2057 | H30: 377.508 | I30: 499.7615 | J30: 579.0248 | K30: 331.8309 | L30: 540.0649 | M30: 451.3975 | N30: 416.4679 | O30: 276.7497 | P30: 323.7702 | Q30: 364.0736 | R30: 284.8103 | S30: 440.6499 | T30: 365.417 | U30: 499.7615 | V30: 201.5167 | W30: 401.69 | X30: 401.69 | Y30: 349.2957 | Z30: 439.3065 | AA30: 345.2654 | AB30: 466.1754 | AC30: 419.1548 | AD30: 420.4983 | AE30: 432.5893 | AF30: 472.8926 | AG30: 514.5394 | AH30: 405.7204 | AI30: 471.5492 | AJ30: 609.924 | AK30: 505.1353 | AL30: 354.6695 | AM30: 420.4983 | AN30: 454.0844 | AO30: 409.7507 | AP30: 393.6294 | AQ30: 401.69 | AR30: 499.7615 | AS30: 487.6705 | AT30: 451.3975 | AU30: 487.6705 | AV30: 569.6207 | AW30: 483.6402 | AX30: 470.2057 | AY30: 403.0335 | AZ30: 360.0432 | BA30: 365.417 | BB30: 343.9219 | BC30: 420.4983 | BD30: 440.6499 | BE30: 483.6402 | BF30: 544.0952 | BG30: 495.7312 | BH30: 455.4278 | BI30: 455.4278 | BJ30: 444.6803 | BK30: 489.014 | BL30: 478.2664 | BM30: 462.1451 | BN30: 479.6098 | BO30: 493.0443 | BP30: 486.3271 | BQ30: 439.3065 | BR30: 632.7626 | BS30: 529.3173 | BT30: 537.378 | BU30: 358.6998 | BV30: 350.6391 | BW30: 494.3877 | BX30: 562.9034 | BY30: 521.2566 | BZ30: 353.326 | CA30: 388.2556 | CB30: 466.1754 | CC30: 517.2263 | CD30: 306.3054 | CE30: 370.7908 | CF30: 420.4983 | CG30: 544.0952 | CH30: 648.8839 | CI30: 587.0854 | CJ30: 532.0042 | CK30: 462.1451 | CL30: 505.1353 | CM30: 483.6402 | CN30: 510.5091 | CO30: 433.9327 | CP30: 556.1862 | CQ30: 436.6196 | CR30: 429.9024 | CS30: 389.599 | CT30: 214.9512 | CU30: 150.4658 | CV30: 282.1234 | CW30: 467.5188 | CX30: 420.4983 | CY30: 411.0942 | CZ30: 486.3271 | DA30: 489.014 | DB30: 494.3877 | DC30: 396.3163 | DD30: 487.6705 | DE30: 431.2458 | DF30: 354.6695 | DG30: 447.3672 | DH30: 403.0335 | DI30: 334.5178 | DJ30: 329.144 | DK30: 429.9024 | DL30: 429.9024
A31: Norway | B31: 460.8016 | C31: 489.014 | D31: 459.4582 | E31: 462.1451 | F31: 487.6705 | G31: 505.1353 | H31: 490.3574 | I31: 147.7789 | J31: 232.416 | K31: 429.9024 | L31: 480.9533 | M31: 526.6304 | N31: 443.3368 | O31: 527.9739 | P31: 533.3476 | Q31: 628.7322 | R31: 525.287 | S31: 527.9739 | T31: 517.2263 | U31: 527.9739 | V31: 464.832 | W31: 486.3271 | X31: 403.0335 | Y31: 529.3173 | Z31: 472.8926 | AA31: 523.9435 | AB31: 523.9435 | AC31: 509.1656 | AD31: 493.0443 | AE31: 497.0746 | AF31: 372.1342 | AG31: 502.4484 | AH31: 494.3877 | AI31: 479.6098 | AJ31: 533.3476 | AK31: 476.923 | AL31: 427.2155 | AM31: 550.8124 | AN31: 441.9934 | AO31: 503.7919 | AP31: 513.196 | AQ31: 495.7312 | AR31: 505.1353 | AS31: 161.2134 | AT31: 150.4658 | AU31: 382.8818 | AV31: 291.5276 | AW31: 366.7605 | AX31: 333.1743 | AY31: 529.3173 | AZ31: 330.4875 | BA31: 292.871 | BB31: 429.9024 | BC31: 319.7399 | BD31: 361.3867 | BE31: 459.4582 | BF31: 365.417 | BG31: 476.923 | BH31: 490.3574 | BI31: 454.0844 | BJ31: 468.8623 | BK31: 541.4083 | BL31: 474.2361 | BM31: 510.5091 | BN31: 459.4582 | BO31: 427.2155 | BP31: 435.2762 | BQ31: 444.6803 | BR31: 460.8016 | BS31: 462.1451 | BT31: 440.6499 | BU31: 427.2155 | BV31: 456.7713 | BW31: 467.5188 | BX31: 354.6695 | BY31: 165.2437 | BZ31: 321.0833 | CA31: 317.053 | CB31: 435.2762 | CC31: 424.5286 | CD31: 447.3672 | CE31: 503.7919 | CF31: 468.8623 | CG31: 490.3574 | CH31: 330.4875 | CI31: 452.7409 | CJ31: 493.0443 | CK31: 437.9631 | CL31: 401.69 | CM31: 377.508 | CN31: 437.9631 | CO31: 333.1743 | CP31: 345.2654 | CQ31: 444.6803 | CR31: 503.7919 | CS31: 522.6001 | CT31: 279.4365 | CU31: 432.5893 | CV31: 253.9111 | CW31: 268.689 | CX31: 386.9121 | CY31: 471.5492 | CZ31: 447.3672 | DA31: 507.8222 | DB31: 487.6705 | DC31: 455.4278 | DD31: 533.3476 | DE31: 373.4777 | DF31: 381.5384 | DG31: 460.8016 | DH31: 440.6499 | DI31: 455.4278 | DJ31: 437.9631 | DK31: 429.9024 | DL31: 429.9024
A32: Poland | B32: 407.0638 | C32: 400.3466 | D32: 456.7713 | E32: 437.9631 | F32: 407.0638 | G32: 472.8926 | H32: 489.014 | I32: 427.2155 | J32: 493.0443 | K32: 450.0541 | L32: 505.1353 | M32: 510.5091 | N32: 411.0942 | O32: 366.7605 | P32: 389.599 | Q32: 394.9728 | R32: 412.4376 | S32: 462.1451 | T32: 483.6402 | U32: 436.6196 | V32: 464.832 | W32: 487.6705 | X32: 476.923 | Y32: 487.6705 | Z32: 451.3975 | AA32: 503.7919 | AB32: 416.4679 | AC32: 475.5795 | AD32: 392.2859 | AE32: 470.2057 | AF32: 527.9739 | AG32: 458.1147 | AH32: 498.4181 | AI32: 517.2263 | AJ32: 495.7312 | AK32: 506.4787 | AL32: 435.2762 | AM32: 468.8623 | AN32: 462.1451 | AO32: 514.5394 | AP32: 462.1451 | AQ32: 518.5697 | AR32: 519.9132 | AS32: 462.1451 | AT32: 513.196 | AU32: 471.5492 | AV32: 501.105 | AW32: 501.105 | AX32: 447.3672 | AY32: 443.3368 | AZ32: 369.4474 | BA32: 394.9728 | BB32: 443.3368 | BC32: 536.0345 | BD32: 511.8525 | BE32: 525.287 | BF32: 452.7409 | BG32: 337.2047 | BH32: 423.1852 | BI32: 408.4073 | BJ32: 247.1939 | BK32: 310.3358 | BL32: 424.5286 | BM32: 462.1451 | BN32: 467.5188 | BO32: 530.6608 | BP32: 521.2566 | BQ32: 472.8926 | BR32: 486.3271 | BS32: 455.4278 | BT32: 441.9934 | BU32: 429.9024 | BV32: 396.3163 | BW32: 476.923 | BX32: 421.8417 | BY32: 533.3476 | BZ32: 475.5795 | CA32: 499.7615 | CB32: 491.7008 | CC32: 440.6499 | CD32: 447.3672 | CE32: 417.8114 | CF32: 446.0237 | CG32: 464.832 | CH32: 403.0335 | CI32: 472.8926 | CJ32: 454.0844 | CK32: 505.1353 | CL32: 476.923 | CM32: 566.9338 | CN32: 553.4993 | CO32: 499.7615 | CP32: 538.7214 | CQ32: 484.9836 | CR32: 498.4181 | CS32: 525.287 | CT32: 419.1548 | CU32: 526.6304 | CV32: 511.8525 | CW32: 518.5697 | CX32: 574.9944 | CY32: 536.0345 | CZ32: 552.1559 | DA32: 505.1353 | DB32: 464.832 | DC32: 468.8623 | DD32: 474.2361 | DE32: 435.2762 | DF32: 389.599 | DG32: 456.7713 | DH32: 482.2967 | DI32: 581.7117 | DJ32: 519.9132 | DK32: 589.7723 | DL32: 506.4787
A33: Portugal | B33: 228.3856 | C33: 270.0324 | D33: 295.5579 | E33: 313.0227 | F33: 334.5178 | G33: 248.5373 | H33: 290.1841 | I33: 308.9923 | J33: 261.9718 | K33: 178.6782 | L33: 255.2545 | M33: 243.1635 | N33: 306.3054 | O33: 287.4972 | P33: 292.871 | Q33: 292.871 | R33: 303.6186 | S33: 321.0833 | T33: 322.4268 | U33: 327.8006 | V33: 308.9923 | W33: 306.3054 | X33: 346.6088 | Y33: 304.962 | Z33: 280.78 | AA33: 314.3661 | AB33: 335.8612 | AC33: 339.8916 | AD33: 317.053 | AE33: 334.5178 | AF33: 286.1538 | AG33: 325.1137 | AH33: 189.4257 | AI33: 87.3239 | AJ33: 308.9923 | AK33: 270.0324 | AL33: 268.689 | AM33: 259.2849 | AN33: 253.9111 | AO33: 304.962 | AP33: 303.6186 | AQ33: 307.6489 | AR33: 216.2946 | AS33: 159.8699 | AT33: 251.2242 | AU33: 329.144 | AV33: 327.8006 | AW33: 298.2448 | AX33: 241.8201 | AY33: 263.3152 | AZ33: 173.3044 | BA33: 20.1517 | BB33: 112.8494 | BC33: 255.2545 | BD33: 267.3455 | BE33: 233.7594 | BF33: 263.3152 | BG33: 256.598 | BH33: 241.8201 | BI33: 255.2545 | BJ33: 147.7789 | BK33: 217.6381 | BL33: 241.8201 | BM33: 290.1841 | BN33: 170.6175 | BO33: 314.3661 | BP33: 333.1743 | BQ33: 268.689 | BR33: 214.9512 | BS33: 149.1224 | BT33: 185.3954 | BU33: 142.4052 | BV33: 264.6587 | BW33: 257.9414 | BX33: 270.0324 | BY33: 276.7497 | BZ33: 271.3759 | CA33: 283.4669 | CB33: 311.6792 | CC33: 274.0628 | CD33: 188.0823 | CE33: 223.0119 | CF33: 247.1939 | CG33: 268.689 | CH33: 225.6988 | CI33: 256.598 | CJ33: 290.1841 | CK33: 298.2448 | CL33: 270.0324 | CM33: 286.1538 | CN33: 322.4268 | CO33: 247.1939 | CP33: 13.4344 | CQ33: 33.5861 | CR33: 292.871 | CS33: 315.7096 | CT33: 221.6684 | CU33: 260.6283 | CV33: 314.3661 | CW33: 335.8612 | CX33: 311.6792 | CY33: 279.4365 | CZ33: 327.8006 | DA33: 311.6792 | DB33: 283.4669 | DC33: 300.9317 | DD33: 322.4268 | DE33: 248.5373 | DF33: 245.8504 | DG33: 284.8103 | DH33: 291.5276 | DI33: 217.6381 | DJ33: 290.1841 | DK33: 282.1234 | DL33: 306.3054
A34: Romania | B34: 401.69 | C34: 409.7507 | D34: 408.4073 | E34: 380.1949 | F34: 278.0931 | G34: 405.7204 | H34: 351.9826 | I34: 294.2144 | J34: 413.781 | K34: 407.0638 | L34: 420.4983 | M34: 358.6998 | N34: 307.6489 | O34: 255.2545 | P34: 394.9728 | Q34: 274.0628 | R34: 360.0432 | S34: 364.0736 | T34: 408.4073 | U34: 397.6597 | V34: 397.6597 | W34: 435.2762 | X34: 460.8016 | Y34: 420.4983 | Z34: 396.3163 | AA34: 404.3769 | AB34: 272.7193 | AC34: 275.4062 | AD34: 421.8417 | AE34: 392.2859 | AF34: 429.9024 | AG34: 399.0031 | AH34: 401.69 | AI34: 303.6186 | AJ34: 425.872 | AK34: 423.1852 | AL34: 354.6695 | AM34: 318.3965 | AN34: 397.6597 | AO34: 389.599 | AP34: 381.5384 | AQ34: 409.7507 | AR34: 400.3466 | AS34: 394.9728 | AT34: 405.7204 | AU34: 390.9425 | AV34: 405.7204 | AW34: 419.1548 | AX34: 349.2957 | AY34: 286.1538 | AZ34: 220.325 | BA34: 296.9013 | BB34: 339.8916 | BC34: 284.8103 | BD34: 345.2654 | BE34: 339.8916 | BF34: 357.3564 | BG34: 339.8916 | BH34: 354.6695 | BI34: 333.1743 | BJ34: 311.6792 | BK34: 341.235 | BL34: 292.871 | BM34: 343.9219 | BN34: 345.2654 | BO34: 225.6988 | BP34: 259.2849 | BQ34: 278.0931 | BR34: 322.4268 | BS34: 275.4062 | BT34: 350.6391 | BU34: 374.8211 | BV34: 292.871 | BW34: 229.7291 | BX34: 264.6587 | BY34: 389.599 | BZ34: 372.1342 | CA34: 377.508 | CB34: 378.8515 | CC34: 357.3564 | CD34: 377.508 | CE34: 368.1039 | CF34: 401.69 | CG34: 318.3965 | CH34: 351.9826 | CI34: 361.3867 | CJ34: 306.3054 | CK34: 253.9111 | CL34: 236.4463 | CM34: 319.7399 | CN34: 370.7908 | CO34: 364.0736 | CP34: 381.5384 | CQ34: 248.5373 | CR34: 343.9219 | CS34: 365.417 | CT34: 325.1137 | CU34: 264.6587 | CV34: 231.0725 | CW34: 274.0628 | CX34: 369.4474 | CY34: 388.2556 | CZ34: 370.7908 | DA34: 388.2556 | DB34: 390.9425 | DC34: 385.5687 | DD34: 412.4376 | DE34: 409.7507 | DF34: 351.9826 | DG34: 351.9826 | DH34: 349.2957 | DI34: 319.7399 | DJ34: 345.2654 | DK34: - | DL34: -
A35: Russian Federation | B35: 4342 | C35: 4885 | D35: 4071 | E35: 4281 | F35: 4613 | G35: 4749 | H35: 4885 | I35: 4342 | J35: 4478 | K35: 4478 | L35: 4613 | M35: 4342 | N35: 3799 | O35: 4071 | P35: 3935 | Q35: 4071 | R35: 4342 | S35: 4749 | T35: 4749 | U35: 4342 | V35: 4206 | W35: 4206 | X35: 4613 | Y35: 4478 | Z35: 3935 | AA35: 4478 | AB35: 3935 | AC35: 4206 | AD35: 4613 | AE35: 4885 | AF35: 4613 | AG35: 4114 | AH35: 4071 | AI35: 4604 | AJ35: 5040 | AK35: 4599 | AL35: 4238 | AM35: 4523 | AN35: 4307 | AO35: 4206 | AP35: 4451 | AQ35: 4915 | AR35: 5020 | AS35: 4360 | AT35: 4377 | AU35: 4406 | AV35: 4872 | AW35: 4641 | AX35: 4455 | AY35: 4865 | AZ35: 3444 | BA35: 3384 | BB35: 4368 | BC35: 4847 | BD35: 4935 | BE35: 4374 | BF35: 4071 | BG35: 4314 | BH35: 4463 | BI35: 4334 | BJ35: 4373 | BK35: 4708 | BL35: 4488 | BM35: 4618 | BN35: 4541 | BO35: 4583 | BP35: 4806 | BQ35: 4409 | BR35: 4654 | BS35: 4757 | BT35: 5113 | BU35: 4826 | BV35: 4521 | BW35: 4644 | BX35: 4615 | BY35: 4756 | BZ35: 4881 | CA35: 5171 | CB35: 5116 | CC35: 4652 | CD35: 4360 | CE35: 4678 | CF35: 5146 | CG35: 5185 | CH35: 4521 | CI35: 4644 | CJ35: - | CK35: - | CL35: - | CM35: - | CN35: - | CO35: - | CP35: - | CQ35: - | CR35: - | CS35: - | CT35: - | CU35: - | CV35: - | CW35: - | CX35: - | CY35: - | CZ35: - | DA35: - | DB35: - | DC35: - | DD35: - | DE35: - | DF35: - | DG35: - | DH35: - | DI35: - | DJ35: - | DK35: - | DL35: -
A36: Serbia | B36: - | C36: - | D36: - | E36: - | F36: - | G36: - | H36: - | I36: - | J36: - | K36: - | L36: - | M36: - | N36: - | O36: - | P36: - | Q36: - | R36: - | S36: - | T36: - | U36: - | V36: - | W36: - | X36: - | Y36: - | Z36: - | AA36: - | AB36: - | AC36: - | AD36: - | AE36: - | AF36: - | AG36: - | AH36: - | AI36: - | AJ36: - | AK36: - | AL36: - | AM36: - | AN36: - | AO36: - | AP36: - | AQ36: - | AR36: - | AS36: - | AT36: - | AU36: - | AV36: - | AW36: - | AX36: - | AY36: - | AZ36: - | BA36: - | BB36: - | BC36: - | BD36: - | BE36: - | BF36: - | BG36: - | BH36: - | BI36: - | BJ36: - | BK36: - | BL36: - | BM36: - | BN36: - | BO36: - | BP36: - | BQ36: - | BR36: - | BS36: - | BT36: - | BU36: - | BV36: - | BW36: - | BX36: - | BY36: - | BZ36: - | CA36: - | CB36: - | CC36: - | CD36: - | CE36: - | CF36: - | CG36: - | CH36: - | CI36: - | CJ36: - | CK36: - | CL36: - | CM36: - | CN36: - | CO36: - | CP36: - | CQ36: - | CR36: - | CS36: 64.4854 | CT36: 63.1419 | CU36: 4.0303 | CV36: 10.7476 | CW36: 28.2123 | CX36: 68.5157 | CY36: 77.9198 | CZ36: 71.2026 | DA36: 69.8591 | DB36: 57.7681 | DC36: 59.1116 | DD36: 65.8288 | DE36: 56.4247 | DF36: 45.6771 | DG36: 53.7378 | DH36: 51.0509 | DI36: 59.1116 | DJ36: 42.9902 | DK36: 73.8895 | DL36: -
A37: Slovakia | B37: 175.9913 | C37: 63.1419 | D37: 92.6977 | E37: 171.961 | F37: 170.6175 | G37: 193.4561 | H37: 193.4561 | I37: 202.8602 | J37: 205.5471 | K37: 228.3856 | L37: 177.3347 | M37: 162.5568 | N37: 169.2741 | O37: 130.3142 | P37: 161.2134 | Q37: 75.2329 | R37: 135.6879 | S37: 167.9306 | T37: 186.7388 | U37: 196.143 | V37: 205.5471 | W37: 162.5568 | X37: 139.7183 | Y37: 186.7388 | Z37: 124.9404 | AA37: 83.2936 | AB37: 142.4052 | AC37: 202.8602 | AD37: 161.2134 | AE37: 167.9306 | AF37: 135.6879 | AG37: 166.5872 | AH37: 173.3044 | AI37: 142.4052 | AJ37: 155.8396 | AK37: 155.8396 | AL37: 115.5363 | AM37: 143.7486 | AN37: 135.6879 | AO37: 45.6771 | AP37: 56.4247 | AQ37: 72.546 | AR37: 138.3748 | AS37: 159.8699 | AT37: 165.2437 | AU37: 177.3347 | AV37: 157.1831 | AW37: 155.8396 | AX37: 161.2134 | AY37: 127.6273 | AZ37: 88.6674 | BA37: 112.8494 | BB37: 124.9404 | BC37: 108.819 | BD37: 151.8093 | BE37: 119.5666 | BF37: 103.4453 | BG37: 141.0617 | BH37: 100.7584 | BI37: 128.9707 | BJ37: 114.1928 | BK37: 94.0411 | BL37: 103.4453 | BM37: 138.3748 | BN37: 100.7584 | BO37: 138.3748 | BP37: 119.5666 | BQ37: 130.3142 | BR37: 163.9003 | BS37: 153.1527 | BT37: 111.5059 | BU37: 122.2535 | BV37: 147.7789 | BW37: 72.546 | BX37: 133.001 | BY37: 154.4962 | BZ37: 90.0108 | CA37: 151.8093 | CB37: 175.9913 | CC37: 182.7085 | CD37: 157.1831 | CE37: 170.6175 | CF37: 173.3044 | CG37: 149.1224 | CH37: 94.0411 | CI37: 98.0715 | CJ37: 96.728 | CK37: 69.8591 | CL37: 145.0921 | CM37: 167.9306 | CN37: 134.3445 | CO37: 151.8093 | CP37: 116.8797 | CQ37: 149.1224 | CR37: 145.0921 | CS37: 143.7486 | CT37: 76.5764 | CU37: 122.2535 | CV37: 163.9003 | CW37: 57.7681 | CX37: 65.8288 | CY37: 118.2232 | CZ37: 147.7789 | DA37: 122.2535 | DB37: 120.91 | DC37: 157.1831 | DD37: 149.1224 | DE37: 99.4149 | DF37: 102.1018 | DG37: 116.8797 | DH37: 137.0314 | DI37: 110.1625 | DJ37: 135.6879 | DK37: 142.4052 | DL37: 161.2134
A38: Slovenia | B38: 0 | C38: 0 | D38: 0 | E38: 0 | F38: 0 | G38: 0 | H38: 0 | I38: 0 | J38: 0 | K38: 0 | L38: 0 | M38: 0 | N38: 0 | O38: 0 | P38: 0 | Q38: 0 | R38: 0 | S38: 0 | T38: 0 | U38: 0 | V38: 0 | W38: 0 | X38: 0 | Y38: 0 | Z38: 0 | AA38: 0 | AB38: 0 | AC38: 0 | AD38: 0 | AE38: 0 | AF38: 0 | AG38: 0 | AH38: 0 | AI38: 0 | AJ38: 0 | AK38: 0 | AL38: 0 | AM38: 0 | AN38: 0 | AO38: 0 | AP38: 0 | AQ38: 0 | AR38: 0 | AS38: 0 | AT38: 0 | AU38: 0 | AV38: 0 | AW38: 0 | AX38: 0 | AY38: 0 | AZ38: 0 | BA38: 0 | BB38: 0 | BC38: 0 | BD38: 0 | BE38: 0 | BF38: 0 | BG38: 0 | BH38: 0 | BI38: 0 | BJ38: 0 | BK38: 0 | BL38: 0 | BM38: 0 | BN38: 0 | BO38: 0 | BP38: 0 | BQ38: 0 | BR38: 0 | BS38: 0 | BT38: 0 | BU38: 0 | BV38: 0 | BW38: 0 | BX38: 0 | BY38: 0 | BZ38: 0 | CA38: 0 | CB38: 0 | CC38: 0 | CD38: 0 | CE38: 0 | CF38: 0 | CG38: 0 | CH38: 0 | CI38: 0 | CJ38: 0 | CK38: 0 | CL38: 0 | CM38: 0 | CN38: 0 | CO38: 0 | CP38: 0 | CQ38: 0 | CR38: 0 | CS38: 0 | CT38: 0 | CU38: 0 | CV38: 0 | CW38: 0 | CX38: 0 | CY38: 0 | CZ38: 0 | DA38: 0 | DB38: 0 | DC38: 0 | DD38: 0 | DE38: 0 | DF38: 0 | DG38: 0 | DH38: 0 | DI38: 0 | DJ38: 0 | DK38: 0 | DL38: 0
A39: Spain | B39: 1018.331 | C39: 1145.959 | D39: 1128.494 | E39: 1102.968 | F39: 995.4927 | G39: 1082.817 | H39: 1003.553 | I39: 994.1493 | J39: 1090.877 | K39: 1068.039 | L39: 1128.494 | M39: 999.523 | N39: 787.2587 | O39: 1002.21 | P39: 1084.16 | Q39: 1072.069 | R39: 1045.2 | S39: 1033.109 | T39: 1108.342 | U39: 1148.645 | V39: 959.2197 | W39: 929.6639 | X39: 1058.635 | Y39: 1127.15 | Z39: 904.1384 | AA39: 937.7246 | AB39: 902.795 | AC39: 1039.826 | AD39: 992.8058 | AE39: 965.9369 | AF39: 1144.615 | AG39: 1140.585 | AH39: 1106.999 | AI39: 1004.897 | AJ39: 1105.655 | AK39: 957.8762 | AL39: 775.1677 | AM39: 929.6639 | AN39: 1088.19 | AO39: 1043.857 | AP39: 984.7451 | AQ39: 1054.604 | AR39: 1171.484 | AS39: 1042.513 | AT39: 1050.574 | AU39: 959.2197 | AV39: 1151.332 | AW39: 1022.362 | AX39: 832.9359 | AY39: 883.9868 | AZ39: 757.7029 | BA39: 812.7842 | BB39: 807.4104 | BC39: 857.1179 | BD39: 940.4115 | BE39: 847.7138 | BF39: 931.0073 | BG39: 862.4917 | BH39: 953.8459 | BI39: 967.2804 | BJ39: 913.5426 | BK39: 1026.392 | BL39: 1000.867 | BM39: 1033.109 | BN39: 1003.553 | BO39: 1133.868 | BP39: 1205.07 | BQ39: 1147.302 | BR39: 1215.818 | BS39: 1164.767 | BT39: 1176.858 | BU39: 1182.232 | BV39: 992.8058 | BW39: 1022.362 | BX39: 1098.938 | BY39: 1179.545 | BZ39: 1194.323 | CA39: 1266.869 | CB39: 1178.201 | CC39: 1112.372 | CD39: 904.1384 | CE39: 1016.988 | CF39: 1121.777 | CG39: 1085.504 | CH39: 945.7852 | CI39: 900.1081 | CJ39: 1127.15 | CK39: 1213.131 | CL39: 1195.666 | CM39: 1144.615 | CN39: 1180.888 | CO39: 1139.241 | CP39: 991.4624 | CQ39: 1011.614 | CR39: 1092.221 | CS39: 1149.989 | CT39: 947.1287 | CU39: 1026.392 | CV39: 1121.777 | CW39: 1176.858 | CX39: 1014.301 | CY39: 1190.292 | CZ39: 1174.171 | DA39: 1108.342 | DB39: 1026.392 | DC39: 1050.574 | DD39: 1137.898 | DE39: 1058.635 | DF39: 980.7148 | DG39: 1061.322 | DH39: 990.1189 | DI39: 922.9467 | DJ39: 939.068 | DK39: 1160.736 | DL39: 1131.181
A40: Sweden | B40: 565.5903 | C40: 557.5297 | D40: 489.014 | E40: 521.2566 | F40: 518.5697 | G40: 537.378 | H40: 530.6608 | I40: 526.6304 | J40: 608.5806 | K40: 580.3682 | L40: 603.2068 | M40: 600.5199 | N40: 538.7214 | O40: 545.4386 | P40: 263.3152 | Q40: 436.6196 | R40: 527.9739 | S40: 581.7117 | T40: 580.3682 | U40: 464.832 | V40: 533.3476 | W40: 603.2068 | X40: 603.2068 | Y40: 652.9142 | Z40: 545.4386 | AA40: 493.0443 | AB40: 570.9641 | AC40: 558.8731 | AD40: 470.2057 | AE40: 550.8124 | AF40: 550.8124 | AG40: 572.3075 | AH40: 601.8633 | AI40: 608.5806 | AJ40: 557.5297 | AK40: 527.9739 | AL40: 493.0443 | AM40: 432.5893 | AN40: 377.508 | AO40: 315.7096 | AP40: 510.5091 | AQ40: 532.0042 | AR40: 533.3476 | AS40: 302.2751 | AT40: 248.5373 | AU40: 311.6792 | AV40: 396.3163 | AW40: 441.9934 | AX40: 390.9425 | AY40: 432.5893 | AZ40: 433.9327 | BA40: 354.6695 | BB40: 343.9219 | BC40: 347.9522 | BD40: 351.9826 | BE40: 335.8612 | BF40: 369.4474 | BG40: 460.8016 | BH40: 514.5394 | BI40: 519.9132 | BJ40: 468.8623 | BK40: 523.9435 | BL40: 472.8926 | BM40: 536.0345 | BN40: 501.105 | BO40: 486.3271 | BP40: 518.5697 | BQ40: 532.0042 | BR40: 497.0746 | BS40: 478.2664 | BT40: 589.7723 | BU40: 589.7723 | BV40: 521.2566 | BW40: 577.6813 | BX40: 565.5903 | BY40: 576.3379 | BZ40: 532.0042 | CA40: 549.469 | CB40: 558.8731 | CC40: 240.4766 | CD40: 358.6998 | CE40: 540.0649 | CF40: 550.8124 | CG40: 577.6813 | CH40: 505.1353 | CI40: 597.833 | CJ40: 507.8222 | CK40: 468.8623 | CL40: 494.3877 | CM40: 592.4592 | CN40: 584.3986 | CO40: 482.2967 | CP40: 489.014 | CQ40: 545.4386 | CR40: 542.7518 | CS40: 564.2469 | CT40: 579.0248 | CU40: 624.7019 | CV40: 572.3075 | CW40: 525.287 | CX40: 536.0345 | CY40: 565.5903 | CZ40: 538.7214 | DA40: 519.9132 | DB40: 592.4592 | DC40: 517.2263 | DD40: 498.4181 | DE40: 538.7214 | DF40: 506.4787 | DG40: 552.1559 | DH40: 419.1548 | DI40: 433.9327 | DJ40: 478.2664 | DK40: 482.2967 | DL40: 526.6304
A41: Switzerland | B41: 79.2633 | C41: 73.8895 | D41: 80.6067 | E41: 75.2329 | F41: 77.9198 | G41: 83.2936 | H41: 75.2329 | I41: 57.7681 | J41: 77.9198 | K41: 81.9501 | L41: 84.637 | M41: 84.637 | N41: 71.2026 | O41: 79.2633 | P41: 75.2329 | Q41: 59.1116 | R41: 10.7476 | S41: 80.6067 | T41: 80.6067 | U41: 84.637 | V41: 84.637 | W41: 76.5764 | X41: 77.9198 | Y41: 76.5764 | Z41: 47.0206 | AA41: 72.546 | AB41: 68.5157 | AC41: 75.2329 | AD41: 67.1722 | AE41: 72.546 | AF41: 72.546 | AG41: 72.546 | AH41: 77.9198 | AI41: 83.2936 | AJ41: 81.9501 | AK41: 81.9501 | AL41: 79.2633 | AM41: 73.8895 | AN41: 73.8895 | AO41: 65.8288 | AP41: 0 | AQ41: 61.7985 | AR41: 75.2329 | AS41: 77.9198 | AT41: 68.5157 | AU41: 76.5764 | AV41: 68.5157 | AW41: 75.2329 | AX41: 65.8288 | AY41: 67.1722 | AZ41: 59.1116 | BA41: 69.8591 | BB41: 64.4854 | BC41: 53.7378 | BD41: 59.1116 | BE41: 53.7378 | BF41: 67.1722 | BG41: 56.4247 | BH41: 65.8288 | BI41: 61.7985 | BJ41: 52.3944 | BK41: 60.455 | BL41: 60.455 | BM41: 18.8082 | BN41: 2.6869 | BO41: 51.0509 | BP41: 45.6771 | BQ41: 64.4854 | BR41: 77.9198 | BS41: 79.2633 | BT41: 81.9501 | BU41: 90.0108 | BV41: 72.546 | BW41: 73.8895 | BX41: 79.2633 | BY41: 76.5764 | BZ41: 73.8895 | CA41: 77.9198 | CB41: 81.9501 | CC41: 77.9198 | CD41: 73.8895 | CE41: 73.8895 | CF41: 73.8895 | CG41: 48.364 | CH41: 59.1116 | CI41: 75.2329 | CJ41: 68.5157 | CK41: 73.8895 | CL41: 75.2329 | CM41: 81.9501 | CN41: 83.2936 | CO41: 84.637 | CP41: 83.2936 | CQ41: 76.5764 | CR41: 87.3239 | CS41: 81.9501 | CT41: 80.6067 | CU41: 81.9501 | CV41: 68.5157 | CW41: 5.3738 | CX41: 5.3738 | CY41: 75.2329 | CZ41: 88.6674 | DA41: 83.2936 | DB41: 75.2329 | DC41: 84.637 | DD41: 76.5764 | DE41: 75.2329 | DF41: 72.546 | DG41: 81.9501 | DH41: 80.6067 | DI41: 77.9198 | DJ41: 85.9805 | DK41: 79.2633 | DL41: 80.6067
A42: Turkey | B42: 557.5297 | C42: 494.3877 | D42: 561.56 | E42: 421.8417 | F42: 599.1764 | G42: 616.6412 | H42: 632.7626 | I42: 562.9034 | J42: 569.6207 | K42: 662.3184 | L42: 585.742 | M42: 671.7225 | N42: 550.8124 | O42: 644.8536 | P42: 600.5199 | Q42: 679.7831 | R42: 628.7322 | S42: 568.2772 | T42: 619.3281 | U42: 613.9543 | V42: 632.7626 | W42: 475.5795 | X42: 522.6001 | Y42: 527.9739 | Z42: 409.7507 | AA42: 483.6402 | AB42: 440.6499 | AC42: 501.105 | AD42: 515.8829 | AE42: 600.5199 | AF42: 667.6921 | AG42: 532.0042 | AH42: 514.5394 | AI42: 525.287 | AJ42: 583.0551 | AK42: 600.5199 | AL42: 579.0248 | AM42: 557.5297 | AN42: 554.8428 | AO42: 550.8124 | AP42: 608.5806 | AQ42: 612.6109 | AR42: 632.7626 | AS42: 619.3281 | AT42: 619.3281 | AU42: 572.3075 | AV42: 609.924 | AW42: 556.1862 | AX42: 502.4484 | AY42: 541.4083 | AZ42: 368.1039 | BA42: 325.1137 | BB42: 279.4365 | BC42: 455.4278 | BD42: 501.105 | BE42: 515.8829 | BF42: 564.2469 | BG42: 501.105 | BH42: 491.7008 | BI42: 362.7301 | BJ42: 288.8407 | BK42: 392.2859 | BL42: 498.4181 | BM42: 589.7723 | BN42: 549.469 | BO42: 556.1862 | BP42: 525.287 | BQ42: 589.7723 | BR42: 588.4289 | BS42: 659.6315 | BT42: 593.8027 | BU42: 420.4983 | BV42: 405.7204 | BW42: 556.1862 | BX42: 587.0854 | BY42: 713.3693 | BZ42: 663.6618 | CA42: 729.4906 | CB42: 666.3487 | CC42: 619.3281 | CD42: 585.742 | CE42: 522.6001 | CF42: 479.6098 | CG42: 384.2253 | CH42: 323.7702 | CI42: 459.4582 | CJ42: 463.4885 | CK42: 502.4484 | CL42: 549.469 | CM42: 595.1461 | CN42: 603.2068 | CO42: 652.9142 | CP42: 698.5914 | CQ42: 662.3184 | CR42: 738.8947 | CS42: 443.3368 | CT42: 493.0443 | CU42: 537.378 | CV42: 510.5091 | CW42: 564.2469 | CX42: 662.3184 | CY42: 632.7626 | CZ42: 635.4495 | DA42: 612.6109 | DB42: 588.4289 | DC42: 545.4386 | DD42: 620.6716 | DE42: 562.9034 | DF42: 489.014 | DG42: 589.7723 | DH42: 570.9641 | DI42: 628.7322 | DJ42: 584.3986 | DK42: 648.8839 | DL42: 655.6011
A43: Ukraine | B43: - | C43: - | D43: - | E43: - | F43: - | G43: - | H43: - | I43: - | J43: - | K43: - | L43: - | M43: - | N43: - | O43: 45.9474 | P43: 44.596 | Q43: 45.9474 | R43: 50.0016 | S43: 48.6502 | T43: 51.353 | U43: - | V43: 55.4072 | W43: 51.353 | X43: 55.4072 | Y43: 63.5155 | Z43: - | AA43: - | AB43: - | AC43: - | AD43: - | AE43: - | AF43: - | AG43: - | AH43: - | AI43: - | AJ43: - | AK43: - | AL43: - | AM43: - | AN43: - | AO43: - | AP43: - | AQ43: - | AR43: - | AS43: - | AT43: - | AU43: - | AV43: - | AW43: - | AX43: - | AY43: - | AZ43: - | BA43: - | BB43: - | BC43: - | BD43: - | BE43: - | BF43: - | BG43: - | BH43: - | BI43: - | BJ43: - | BK43: - | BL43: - | BM43: - | BN43: - | BO43: - | BP43: - | BQ43: - | BR43: - | BS43: - | BT43: - | BU43: - | BV43: - | BW43: - | BX43: - | BY43: - | BZ43: - | CA43: - | CB43: - | CC43: - | CD43: - | CE43: - | CF43: - | CG43: - | CH43: - | CI43: - | CJ43: - | CK43: - | CL43: - | CM43: - | CN43: - | CO43: - | CP43: - | CQ43: - | CR43: - | CS43: - | CT43: - | CU43: - | CV43: - | CW43: - | CX43: - | CY43: - | CZ43: - | DA43: - | DB43: - | DC43: - | DD43: - | DE43: - | DF43: - | DG43: - | DH43: - | DI43: - | DJ43: - | DK43: - | DL43: -
A44: United Kingdom | B44: 1668.559 | C44: 1778.721 | D44: 1947.995 | E44: 2001.733 | F44: 1906.348 | G44: 1946.652 | H44: 1947.995 | I44: 1938.591 | J44: 1931.874 | K44: 2064.875 | L44: 2087.713 | M44: 2098.461 | N44: 1825.742 | O44: 1956.056 | P44: 2020.541 | Q44: 1874.106 | R44: 1899.631 | S44: 1857.984 | T44: 2052.784 | U44: 2042.036 | V44: 1884.853 | W44: 1862.015 | X44: 2021.885 | Y44: 1874.106 | Z44: 1458.981 | AA44: 1778.721 | AB44: 1875.449 | AC44: 1743.792 | AD44: 1778.721 | AE44: 1926.5 | AF44: 2052.784 | AG44: 2044.723 | AH44: 1929.187 | AI44: 1759.913 | AJ44: 2047.41 | AK44: 2110.552 | AL44: 1784.095 | AM44: 1780.065 | AN44: 1758.569 | AO44: 1863.358 | AP44: 1609.447 | AQ44: 1745.135 | AR44: 1553.022 | AS44: 1790.812 | AT44: 2005.763 | AU44: 2036.663 | AV44: 2080.996 | AW44: 1972.177 | AX44: 1644.377 | AY44: 1562.427 | AZ44: 1123.12 | BA44: 979.3714 | BB44: 955.1894 | BC44: 1350.162 | BD44: 1449.577 | BE44: 1628.255 | BF44: 1726.327 | BG44: 1593.326 | BH44: 1687.367 | BI44: 1520.78 | BJ44: 1094.908 | BK44: 1273.586 | BL44: 1309.859 | BM44: 1397.183 | BN44: 1664.528 | BO44: 1801.56 | BP44: 2007.107 | BQ44: 1723.64 | BR44: 1613.477 | BS44: 1941.278 | BT44: 1935.904 | BU44: 1999.046 | BV44: 1765.287 | BW44: 1945.308 | BX44: 1874.106 | BY44: 1890.227 | BZ44: 1632.286 | CA44: 1639.003 | CB44: 1745.135 | CC44: 1675.276 | CD44: 1700.801 | CE44: 1543.618 | CF44: 1763.943 | CG44: 1913.066 | CH44: 1716.923 | CI44: 1734.387 | CJ44: 1722.296 | CK44: 1808.277 | CL44: 1625.568 | CM44: 1750.509 | CN44: 1778.721 | CO44: 1708.862 | CP44: 1464.355 | CQ44: 1587.952 | CR44: 1905.005 | CS44: 1793.499 | CT44: 1710.205 | CU44: 1876.793 | CV44: 1597.356 | CW44: 1593.326 | CX44: 1664.528 | CY44: 1621.538 | CZ44: 1723.64 | DA44: 1500.628 | DB44: 1411.961 | DC44: 1755.883 | DD44: 1899.631 | DE44: 1911.722 | DF44: 1405.243 | DG44: 1362.253 | DH44: 1600.043 | DI44: 1776.034 | DJ44: 1745.135 | DK44: 1497.941 | DL44: 1434.799

Sheet Receipts in Thousand kl
A1: Time/Country | B1: 42401 | C1: 42430 | D1: 42461 | E1: 42491 | F1: 42522 | G1: 42552 | H1: 42583 | I1: 42614 | J1: 42644 | K1: 42675 | L1: 42705 | M1: 42736 | N1: 42767 | O1: 42795 | P1: 42826 | Q1: 42856 | R1: 42887 | S1: 42917 | T1: 42948 | U1: 42979 | V1: 43009 | W1: 43040 | X1: 43070 | Y1: 43101 | Z1: 43132 | AA1: 43160 | AB1: 43191 | AC1: 43221 | AD1: 43252 | AE1: 43282 | AF1: 43313 | AG1: 43344 | AH1: 43374 | AI1: 43405 | AJ1: 43435 | AK1: 43466 | AL1: 43497 | AM1: 43525 | AN1: 43556 | AO1: 43586 | AP1: 43617 | AQ1: 43647 | AR1: 43678 | AS1: 43709 | AT1: 43739 | AU1: 43770 | AV1: 43800 | AW1: 43831 | AX1: 43862 | AY1: 43891 | AZ1: 43922 | BA1: 43952 | BB1: 43983 | BC1: 44013 | BD1: 44044 | BE1: 44075 | BF1: 44105 | BG1: 44136 | BH1: 44166 | BI1: 44197 | BJ1: 44228 | BK1: 44256 | BL1: 44287 | BM1: 44317 | BN1: 44348 | BO1: 44378 | BP1: 44409 | BQ1: 44440 | BR1: 44470 | BS1: 44501 | BT1: 44531 | BU1: 44562 | BV1: 44593 | BW1: 44621 | BX1: 44652 | BY1: 44682 | BZ1: 44713 | CA1: 44743 | CB1: 44774 | CC1: 44805 | CD1: 44835 | CE1: 44866 | CF1: 44896 | CG1: 44927 | CH1: 44958 | CI1: 44986 | CJ1: 45017 | CK1: 45047 | CL1: 45078 | CM1: 45108 | CN1: 45139 | CO1: 45170 | CP1: 45200 | CQ1: 45231 | CR1: 45261 | CS1: 45292 | CT1: 45323 | CU1: 45352 | CV1: 45383 | CW1: 45413 | CX1: 45444 | CY1: 45474 | CZ1: 45505 | DA1: 45536 | DB1: 45566 | DC1: 45597 | DD1: 45627 | DE1: 45658 | DF1: 45689 | DG1: 45717 | DH1: 45748 | DI1: 45778 | DJ1: 45809 | DK1: 45839 | DL1: 45870
A2: Albania | B2: - | C2: - | D2: - | E2: - | F2: - | G2: - | H2: - | I2: - | J2: - | K2: - | L2: - | M2: - | N2: - | O2: - | P2: - | Q2: - | R2: - | S2: - | T2: - | U2: - | V2: - | W2: - | X2: - | Y2: - | Z2: - | AA2: - | AB2: - | AC2: - | AD2: - | AE2: - | AF2: - | AG2: - | AH2: - | AI2: - | AJ2: - | AK2: - | AL2: - | AM2: - | AN2: - | AO2: - | AP2: - | AQ2: - | AR2: - | AS2: - | AT2: - | AU2: - | AV2: - | AW2: - | AX2: - | AY2: - | AZ2: - | BA2: - | BB2: - | BC2: - | BD2: - | BE2: - | BF2: - | BG2: - | BH2: - | BI2: - | BJ2: - | BK2: - | BL2: - | BM2: - | BN2: - | BO2: - | BP2: - | BQ2: - | BR2: - | BS2: - | BT2: - | BU2: - | BV2: - | BW2: - | BX2: - | BY2: - | BZ2: - | CA2: - | CB2: - | CC2: - | CD2: - | CE2: - | CF2: - | CG2: - | CH2: - | CI2: - | CJ2: - | CK2: - | CL2: - | CM2: - | CN2: - | CO2: - | CP2: - | CQ2: - | CR2: - | CS2: - | CT2: - | CU2: - | CV2: - | CW2: - | CX2: - | CY2: - | CZ2: - | DA2: - | DB2: - | DC2: - | DD2: - | DE2: - | DF2: - | DG2: - | DH2: - | DI2: - | DJ2: - | DK2: - | DL2: -
A3: Armenia | B3: - | C3: - | D3: - | E3: - | F3: - | G3: - | H3: - | I3: - | J3: - | K3: - | L3: - | M3: - | N3: - | O3: - | P3: - | Q3: - | R3: - | S3: - | T3: - | U3: - | V3: - | W3: - | X3: - | Y3: - | Z3: - | AA3: - | AB3: - | AC3: - | AD3: - | AE3: - | AF3: - | AG3: - | AH3: - | AI3: - | AJ3: - | AK3: - | AL3: - | AM3: - | AN3: - | AO3: - | AP3: - | AQ3: - | AR3: - | AS3: - | AT3: - | AU3: - | AV3: - | AW3: - | AX3: - | AY3: - | AZ3: - | BA3: - | BB3: - | BC3: - | BD3: - | BE3: - | BF3: - | BG3: - | BH3: - | BI3: - | BJ3: - | BK3: - | BL3: - | BM3: - | BN3: - | BO3: - | BP3: - | BQ3: - | BR3: - | BS3: - | BT3: - | BU3: - | BV3: - | BW3: - | BX3: - | BY3: - | BZ3: - | CA3: - | CB3: - | CC3: - | CD3: - | CE3: - | CF3: - | CG3: - | CH3: - | CI3: - | CJ3: - | CK3: - | CL3: - | CM3: - | CN3: - | CO3: - | CP3: - | CQ3: - | CR3: - | CS3: - | CT3: - | CU3: - | CV3: - | CW3: - | CX3: - | CY3: - | CZ3: - | DA3: - | DB3: - | DC3: - | DD3: - | DE3: - | DF3: - | DG3: - | DH3: - | DI3: - | DJ3: - | DK3: - | DL3: -
A4: Austria | B4: 0 | C4: 0 | D4: 0 | E4: 0 | F4: 0 | G4: 0 | H4: 0 | I4: 0 | J4: 0 | K4: 0 | L4: 0 | M4: 0 | N4: 0 | O4: 0 | P4: 0 | Q4: 0 | R4: 0 | S4: 0 | T4: 0 | U4: 0 | V4: 0 | W4: 0 | X4: 0 | Y4: 0 | Z4: 0 | AA4: 0 | AB4: 0 | AC4: 0 | AD4: 0 | AE4: 0 | AF4: 0 | AG4: 0 | AH4: 0 | AI4: 0 | AJ4: 0 | AK4: 0 | AL4: 0 | AM4: 0 | AN4: 0 | AO4: 0 | AP4: 0 | AQ4: 0 | AR4: 0 | AS4: 0 | AT4: 0 | AU4: 0 | AV4: 0 | AW4: 0 | AX4: 0 | AY4: 0 | AZ4: 0 | BA4: 0 | BB4: 0 | BC4: 0 | BD4: 0 | BE4: 0 | BF4: 0 | BG4: 0 | BH4: 0 | BI4: 12.091 | BJ4: 13.4344 | BK4: 4.0303 | BL4: 12.091 | BM4: 12.091 | BN4: 9.4041 | BO4: 17.4648 | BP4: 10.7476 | BQ4: 16.1213 | BR4: 12.091 | BS4: 9.4041 | BT4: 9.4041 | BU4: 17.4648 | BV4: 6.7172 | BW4: 14.7779 | BX4: 10.7476 | BY4: 8.0607 | BZ4: 2.6869 | CA4: 6.7172 | CB4: 2.6869 | CC4: 6.7172 | CD4: 8.0607 | CE4: 8.0607 | CF4: 10.7476 | CG4: 8.0607 | CH4: 13.4344 | CI4: 16.1213 | CJ4: 16.1213 | CK4: 16.1213 | CL4: 17.4648 | CM4: 16.1213 | CN4: 17.4648 | CO4: 14.7779 | CP4: 18.8082 | CQ4: 16.1213 | CR4: 17.4648 | CS4: 10.7476 | CT4: 5.3738 | CU4: 14.7779 | CV4: 17.4648 | CW4: 12.091 | CX4: 14.7779 | CY4: 17.4648 | CZ4: 24.182 | DA4: 13.4344 | DB4: 20.1517 | DC4: 14.7779 | DD4: 25.5255 | DE4: 14.7779 | DF4: 16.1213 | DG4: 20.1517 | DH4: 17.4648 | DI4: 20.1517 | DJ4: 17.4648 | DK4: 17.4648 | DL4: 21.4951
A5: Azerbaijan | B5: - | C5: - | D5: - | E5: - | F5: - | G5: - | H5: - | I5: - | J5: - | K5: - | L5: - | M5: - | N5: - | O5: - | P5: - | Q5: - | R5: - | S5: - | T5: - | U5: - | V5: - | W5: - | X5: - | Y5: - | Z5: - | AA5: - | AB5: - | AC5: - | AD5: - | AE5: - | AF5: - | AG5: - | AH5: - | AI5: - | AJ5: - | AK5: - | AL5: - | AM5: - | AN5: - | AO5: - | AP5: - | AQ5: - | AR5: - | AS5: - | AT5: - | AU5: - | AV5: - | AW5: - | AX5: - | AY5: - | AZ5: - | BA5: - | BB5: - | BC5: - | BD5: - | BE5: - | BF5: - | BG5: - | BH5: - | BI5: - | BJ5: - | BK5: - | BL5: - | BM5: - | BN5: - | BO5: - | BP5: - | BQ5: - | BR5: - | BS5: - | BT5: - | BU5: - | BV5: - | BW5: - | BX5: - | BY5: - | BZ5: - | CA5: - | CB5: - | CC5: - | CD5: - | CE5: - | CF5: - | CG5: - | CH5: - | CI5: - | CJ5: - | CK5: - | CL5: - | CM5: - | CN5: - | CO5: - | CP5: - | CQ5: - | CR5: - | CS5: - | CT5: - | CU5: - | CV5: - | CW5: - | CX5: - | CY5: - | CZ5: - | DA5: - | DB5: - | DC5: - | DD5: - | DE5: - | DF5: - | DG5: - | DH5: - | DI5: - | DJ5: - | DK5: - | DL5: -
A6: Belarus | B6: - | C6: - | D6: - | E6: - | F6: - | G6: - | H6: - | I6: - | J6: - | K6: - | L6: - | M6: - | N6: - | O6: - | P6: - | Q6: - | R6: - | S6: - | T6: - | U6: - | V6: - | W6: - | X6: - | Y6: - | Z6: - | AA6: - | AB6: - | AC6: - | AD6: - | AE6: - | AF6: - | AG6: - | AH6: - | AI6: - | AJ6: - | AK6: - | AL6: - | AM6: - | AN6: - | AO6: - | AP6: - | AQ6: - | AR6: - | AS6: - | AT6: - | AU6: - | AV6: - | AW6: - | AX6: - | AY6: - | AZ6: - | BA6: - | BB6: - | BC6: - | BD6: - | BE6: - | BF6: - | BG6: - | BH6: - | BI6: - | BJ6: - | BK6: - | BL6: - | BM6: - | BN6: - | BO6: - | BP6: - | BQ6: - | BR6: - | BS6: - | BT6: - | BU6: - | BV6: - | BW6: - | BX6: - | BY6: - | BZ6: - | CA6: - | CB6: - | CC6: - | CD6: - | CE6: - | CF6: - | CG6: - | CH6: - | CI6: - | CJ6: - | CK6: - | CL6: - | CM6: - | CN6: - | CO6: - | CP6: - | CQ6: - | CR6: - | CS6: - | CT6: - | CU6: - | CV6: - | CW6: - | CX6: - | CY6: - | CZ6: - | DA6: - | DB6: - | DC6: - | DD6: - | DE6: - | DF6: - | DG6: - | DH6: - | DI6: - | DJ6: - | DK6: - | DL6: -
A7: Belgium | B7: 6.7172 | C7: 6.7172 | D7: 6.7172 | E7: 6.7172 | F7: 6.7172 | G7: 6.7172 | H7: 6.7172 | I7: 6.7172 | J7: 6.7172 | K7: 6.7172 | L7: 6.7172 | M7: 13.4344 | N7: 13.4344 | O7: 13.4344 | P7: 13.4344 | Q7: 13.4344 | R7: 13.4344 | S7: 13.4344 | T7: 13.4344 | U7: 13.4344 | V7: 13.4344 | W7: 13.4344 | X7: 13.4344 | Y7: 13.4344 | Z7: 13.4344 | AA7: 14.7779 | AB7: 14.7779 | AC7: 17.4648 | AD7: 16.1213 | AE7: 14.7779 | AF7: 16.1213 | AG7: 14.7779 | AH7: 17.4648 | AI7: 16.1213 | AJ7: 16.1213 | AK7: 16.1213 | AL7: 14.7779 | AM7: 18.8082 | AN7: 20.1517 | AO7: 20.1517 | AP7: 18.8082 | AQ7: 20.1517 | AR7: 20.1517 | AS7: 20.1517 | AT7: 21.4951 | AU7: 20.1517 | AV7: 21.4951 | AW7: 24.182 | AX7: 22.8386 | AY7: 17.4648 | AZ7: 8.0607 | BA7: 13.4344 | BB7: 20.1517 | BC7: 22.8386 | BD7: 20.1517 | BE7: 22.8386 | BF7: 21.4951 | BG7: 17.4648 | BH7: 20.1517 | BI7: 18.8082 | BJ7: 17.4648 | BK7: 21.4951 | BL7: 21.4951 | BM7: 22.8386 | BN7: 25.5255 | BO7: 24.182 | BP7: 25.5255 | BQ7: 26.8689 | BR7: 26.8689 | BS7: 25.5255 | BT7: 25.5255 | BU7: 38.9599 | BV7: 36.273 | BW7: 40.3033 | BX7: 36.273 | BY7: 38.9599 | BZ7: 40.3033 | CA7: 40.3033 | CB7: 40.3033 | CC7: 41.6468 | CD7: 42.9902 | CE7: 40.3033 | CF7: 38.9599 | CG7: 38.9599 | CH7: 37.6165 | CI7: 71.2026 | CJ7: 67.1722 | CK7: 63.1419 | CL7: 61.7985 | CM7: 63.1419 | CN7: 69.8591 | CO7: 69.8591 | CP7: 63.1419 | CQ7: 64.4854 | CR7: 67.1722 | CS7: 67.1722 | CT7: 77.9198 | CU7: 80.6067 | CV7: 77.9198 | CW7: 77.9198 | CX7: 72.546 | CY7: 75.2329 | CZ7: 71.2026 | DA7: 71.2026 | DB7: 80.6067 | DC7: 80.6067 | DD7: 83.2936 | DE7: 81.9501 | DF7: 73.8895 | DG7: 84.637 | DH7: 76.5764 | DI7: 76.5764 | DJ7: 76.5764 | DK7: 80.6067 | DL7: 76.5764
A8: Bulgaria | B8: - | C8: - | D8: - | E8: - | F8: - | G8: - | H8: - | I8: - | J8: - | K8: - | L8: - | M8: - | N8: - | O8: - | P8: - | Q8: - | R8: - | S8: - | T8: - | U8: - | V8: - | W8: - | X8: - | Y8: - | Z8: - | AA8: - | AB8: - | AC8: - | AD8: - | AE8: - | AF8: - | AG8: - | AH8: - | AI8: - | AJ8: - | AK8: - | AL8: - | AM8: - | AN8: - | AO8: - | AP8: - | AQ8: - | AR8: - | AS8: - | AT8: - | AU8: - | AV8: - | AW8: - | AX8: - | AY8: - | AZ8: - | BA8: - | BB8: - | BC8: - | BD8: - | BE8: - | BF8: - | BG8: - | BH8: - | BI8: - | BJ8: - | BK8: - | BL8: - | BM8: - | BN8: - | BO8: - | BP8: - | BQ8: - | BR8: - | BS8: - | BT8: - | BU8: - | BV8: - | BW8: - | BX8: - | BY8: - | BZ8: - | CA8: - | CB8: - | CC8: - | CD8: - | CE8: - | CF8: - | CG8: - | CH8: - | CI8: - | CJ8: - | CK8: - | CL8: - | CM8: - | CN8: - | CO8: - | CP8: - | CQ8: - | CR8: - | CS8: - | CT8: - | CU8: - | CV8: - | CW8: - | CX8: - | CY8: - | CZ8: - | DA8: - | DB8: - | DC8: - | DD8: - | DE8: - | DF8: - | DG8: - | DH8: - | DI8: - | DJ8: - | DK8: - | DL8: -
A9: Croatia | B9: - | C9: - | D9: - | E9: - | F9: - | G9: - | H9: - | I9: - | J9: - | K9: - | L9: - | M9: - | N9: - | O9: - | P9: - | Q9: - | R9: - | S9: - | T9: - | U9: - | V9: - | W9: - | X9: - | Y9: - | Z9: - | AA9: - | AB9: - | AC9: - | AD9: - | AE9: - | AF9: - | AG9: - | AH9: - | AI9: - | AJ9: - | AK9: - | AL9: - | AM9: - | AN9: - | AO9: - | AP9: - | AQ9: - | AR9: - | AS9: - | AT9: - | AU9: - | AV9: - | AW9: - | AX9: - | AY9: - | AZ9: - | BA9: - | BB9: - | BC9: - | BD9: - | BE9: - | BF9: - | BG9: - | BH9: - | BI9: - | BJ9: - | BK9: - | BL9: - | BM9: - | BN9: - | BO9: - | BP9: - | BQ9: - | BR9: - | BS9: - | BT9: - | BU9: - | BV9: - | BW9: - | BX9: - | BY9: - | BZ9: - | CA9: - | CB9: - | CC9: - | CD9: - | CE9: - | CF9: - | CG9: - | CH9: - | CI9: - | CJ9: - | CK9: - | CL9: - | CM9: - | CN9: - | CO9: - | CP9: - | CQ9: - | CR9: - | CS9: - | CT9: - | CU9: - | CV9: - | CW9: - | CX9: - | CY9: - | CZ9: - | DA9: - | DB9: - | DC9: - | DD9: - | DE9: - | DF9: - | DG9: - | DH9: - | DI9: - | DJ9: - | DK9: - | DL9: -
A10: Cyprus | B10: - | C10: - | D10: - | E10: - | F10: - | G10: - | H10: - | I10: - | J10: - | K10: - | L10: - | M10: - | N10: - | O10: - | P10: - | Q10: - | R10: - | S10: - | T10: - | U10: - | V10: - | W10: - | X10: - | Y10: - | Z10: - | AA10: - | AB10: - | AC10: - | AD10: - | AE10: - | AF10: - | AG10: - | AH10: - | AI10: - | AJ10: - | AK10: - | AL10: - | AM10: - | AN10: - | AO10: - | AP10: - | AQ10: - | AR10: - | AS10: - | AT10: - | AU10: - | AV10: - | AW10: - | AX10: - | AY10: - | AZ10: - | BA10: - | BB10: - | BC10: - | BD10: - | BE10: - | BF10: - | BG10: - | BH10: - | BI10: - | BJ10: - | BK10: - | BL10: - | BM10: - | BN10: - | BO10: - | BP10: - | BQ10: - | BR10: - | BS10: - | BT10: - | BU10: - | BV10: - | BW10: - | BX10: - | BY10: - | BZ10: - | CA10: - | CB10: - | CC10: - | CD10: - | CE10: - | CF10: - | CG10: - | CH10: - | CI10: - | CJ10: - | CK10: - | CL10: - | CM10: - | CN10: - | CO10: - | CP10: - | CQ10: - | CR10: - | CS10: - | CT10: - | CU10: - | CV10: - | CW10: - | CX10: - | CY10: - | CZ10: - | DA10: - | DB10: - | DC10: - | DD10: - | DE10: - | DF10: - | DG10: - | DH10: - | DI10: - | DJ10: - | DK10: - | DL10: -
A11: Czech Republic | B11: 10.7476 | C11: 13.4344 | D11: 12.091 | E11: 6.7172 | F11: 6.7172 | G11: 6.7172 | H11: 5.3738 | I11: 8.0607 | J11: 9.4041 | K11: 13.4344 | L11: 9.4041 | M11: 10.7476 | N11: 9.4041 | O11: 12.091 | P11: 14.7779 | Q11: 16.1213 | R11: 14.7779 | S11: 13.4344 | T11: 18.8082 | U11: 10.7476 | V11: 14.7779 | W11: 12.091 | X11: 9.4041 | Y11: 13.4344 | Z11: 12.091 | AA11: 10.7476 | AB11: 12.091 | AC11: 12.091 | AD11: 12.091 | AE11: 14.7779 | AF11: 14.7779 | AG11: 14.7779 | AH11: 14.7779 | AI11: 16.1213 | AJ11: 14.7779 | AK11: 16.1213 | AL11: 14.7779 | AM11: 14.7779 | AN11: 14.7779 | AO11: 17.4648 | AP11: 18.8082 | AQ11: 16.1213 | AR11: 17.4648 | AS11: 16.1213 | AT11: 18.8082 | AU11: 14.7779 | AV11: 13.4344 | AW11: 16.1213 | AX11: 14.7779 | AY11: 16.1213 | AZ11: 9.4041 | BA11: 10.7476 | BB11: 14.7779 | BC11: 13.4344 | BD11: 17.4648 | BE11: 16.1213 | BF11: 17.4648 | BG11: 10.7476 | BH11: 12.091 | BI11: 13.4344 | BJ11: 10.7476 | BK11: 9.4041 | BL11: 9.4041 | BM11: 16.1213 | BN11: 18.8082 | BO11: 16.1213 | BP11: 16.1213 | BQ11: 16.1213 | BR11: 13.4344 | BS11: 16.1213 | BT11: 17.4648 | BU11: 10.7476 | BV11: 12.091 | BW11: 12.091 | BX11: 14.7779 | BY11: 13.4344 | BZ11: 16.1213 | CA11: 9.4041 | CB11: 13.4344 | CC11: 21.4951 | CD11: 14.7779 | CE11: 14.7779 | CF11: 13.4344 | CG11: 13.4344 | CH11: 12.091 | CI11: 14.7779 | CJ11: 14.7779 | CK11: 14.7779 | CL11: 16.1213 | CM11: 14.7779 | CN11: 20.1517 | CO11: 16.1213 | CP11: 16.1213 | CQ11: 13.4344 | CR11: 14.7779 | CS11: 18.8082 | CT11: 17.4648 | CU11: 16.1213 | CV11: 17.4648 | CW11: 18.8082 | CX11: 9.4041 | CY11: 25.5255 | CZ11: 17.4648 | DA11: 16.1213 | DB11: 29.5558 | DC11: 18.8082 | DD11: 24.182 | DE11: 18.8082 | DF11: 17.4648 | DG11: 18.8082 | DH11: 18.8082 | DI11: 20.1517 | DJ11: 20.1517 | DK11: 22.8386 | DL11: 20.1517
A12: Denmark | B12: 2.6869 | C12: 5.3738 | D12: 6.7172 | E12: 10.7476 | F12: 2.6869 | G12: 8.0607 | H12: 8.0607 | I12: 8.0607 | J12: 6.7172 | K12: 1.3434 | L12: 9.4041 | M12: 4.0303 | N12: 10.7476 | O12: 4.0303 | P12: 9.4041 | Q12: 4.0303 | R12: 13.4344 | S12: 2.6869 | T12: 9.4041 | U12: 5.3738 | V12: 12.091 | W12: 9.4041 | X12: 6.7172 | Y12: 9.4041 | Z12: 0 | AA12: 16.1213 | AB12: 0 | AC12: 10.7476 | AD12: 4.0303 | AE12: 6.7172 | AF12: 14.7779 | AG12: 6.7172 | AH12: 8.0607 | AI12: 8.0607 | AJ12: 0 | AK12: 12.091 | AL12: 6.7172 | AM12: 10.7476 | AN12: 6.7172 | AO12: 4.0303 | AP12: 14.7779 | AQ12: 5.3738 | AR12: 13.4344 | AS12: 1.3434 | AT12: 10.7476 | AU12: 5.3738 | AV12: 8.0607 | AW12: 16.1213 | AX12: 14.7779 | AY12: 13.4344 | AZ12: 13.4344 | BA12: 14.7779 | BB12: 17.4648 | BC12: 20.1517 | BD12: 17.4648 | BE12: 13.4344 | BF12: 13.4344 | BG12: 12.091 | BH12: 12.091 | BI12: 9.4041 | BJ12: 9.4041 | BK12: 12.091 | BL12: 13.4344 | BM12: 13.4344 | BN12: 14.7779 | BO12: 14.7779 | BP12: 17.4648 | BQ12: 16.1213 | BR12: 21.4951 | BS12: 16.1213 | BT12: 16.1213 | BU12: 14.7779 | BV12: 13.4344 | BW12: 16.1213 | BX12: 16.1213 | BY12: 16.1213 | BZ12: 20.1517 | CA12: 12.091 | CB12: 16.1213 | CC12: 14.7779 | CD12: 14.7779 | CE12: 16.1213 | CF12: 16.1213 | CG12: 14.7779 | CH12: 13.4344 | CI12: 14.7779 | CJ12: 14.7779 | CK12: 17.4648 | CL12: 17.4648 | CM12: 16.1213 | CN12: 18.8082 | CO12: 16.1213 | CP12: 17.4648 | CQ12: 16.1213 | CR12: 16.1213 | CS12: 14.7779 | CT12: 13.4344 | CU12: 14.7779 | CV12: 14.7779 | CW12: 17.4648 | CX12: 24.182 | CY12: 10.7476 | CZ12: 14.7779 | DA12: 14.7779 | DB12: 16.1213 | DC12: 13.4344 | DD12: 13.4344 | DE12: 13.4344 | DF12: 10.7476 | DG12: 12.091 | DH12: 12.091 | DI12: 14.7779 | DJ12: 13.4344 | DK12: 14.7779 | DL12: 14.7779
A13: Estonia | B13: 0 | C13: 0 | D13: 0 | E13: 0 | F13: 0 | G13: 0 | H13: 0 | I13: 0 | J13: 0 | K13: 0 | L13: 0 | M13: 0 | N13: 0 | O13: 0 | P13: 0 | Q13: 0 | R13: 0 | S13: 0 | T13: 0 | U13: 0 | V13: 0 | W13: 0 | X13: 0 | Y13: 0 | Z13: 0 | AA13: 0 | AB13: 0 | AC13: 0 | AD13: 0 | AE13: 0 | AF13: 0 | AG13: 0 | AH13: 0 | AI13: 0 | AJ13: 0 | AK13: 0 | AL13: 0 | AM13: 0 | AN13: 0 | AO13: 0 | AP13: 0 | AQ13: 0 | AR13: 0 | AS13: 0 | AT13: 0 | AU13: 0 | AV13: 0 | AW13: 0 | AX13: 0 | AY13: 0 | AZ13: 0 | BA13: 0 | BB13: 0 | BC13: 0 | BD13: 0 | BE13: 0 | BF13: 0 | BG13: 0 | BH13: 0 | BI13: 0 | BJ13: 0 | BK13: 0 | BL13: 0 | BM13: 0 | BN13: 0 | BO13: 0 | BP13: 0 | BQ13: 0 | BR13: 0 | BS13: 0 | BT13: 0 | BU13: 0 | BV13: 0 | BW13: 0 | BX13: 0 | BY13: 0 | BZ13: 0 | CA13: 0 | CB13: 0 | CC13: 0 | CD13: 0 | CE13: 0 | CF13: 0 | CG13: 0 | CH13: 0 | CI13: 0 | CJ13: 0 | CK13: 0 | CL13: 0 | CM13: 0 | CN13: 0 | CO13: 0 | CP13: 0 | CQ13: 0 | CR13: 0 | CS13: 0 | CT13: 0 | CU13: 0 | CV13: 0 | CW13: 0 | CX13: 0 | CY13: 0 | CZ13: 0 | DA13: 0 | DB13: 0 | DC13: 0 | DD13: 0 | DE13: 0 | DF13: 0 | DG13: 0 | DH13: 0 | DI13: 0 | DJ13: 0 | DK13: 0 | DL13: 0
A14: Finland | B14: 9.4041 | C14: 10.7476 | D14: 10.7476 | E14: 12.091 | F14: 12.091 | G14: 13.4344 | H14: 12.091 | I14: 10.7476 | J14: 10.7476 | K14: 10.7476 | L14: 10.7476 | M14: 9.4041 | N14: 9.4041 | O14: 10.7476 | P14: 10.7476 | Q14: 12.091 | R14: 12.091 | S14: 13.4344 | T14: 12.091 | U14: 10.7476 | V14: 10.7476 | W14: 9.4041 | X14: 10.7476 | Y14: 12.091 | Z14: 12.091 | AA14: 13.4344 | AB14: 12.091 | AC14: 14.7779 | AD14: 14.7779 | AE14: 16.1213 | AF14: 14.7779 | AG14: 13.4344 | AH14: 13.4344 | AI14: 12.091 | AJ14: 12.091 | AK14: 13.4344 | AL14: 12.091 | AM14: 12.091 | AN14: 12.091 | AO14: 13.4344 | AP14: 14.7779 | AQ14: 16.1213 | AR14: 16.1213 | AS14: 14.7779 | AT14: 14.7779 | AU14: 13.4344 | AV14: 13.4344 | AW14: 9.4041 | AX14: 9.4041 | AY14: 8.0607 | AZ14: 6.7172 | BA14: 9.4041 | BB14: 10.7476 | BC14: 13.4344 | BD14: 10.7476 | BE14: 10.7476 | BF14: 9.4041 | BG14: 9.4041 | BH14: 9.4041 | BI14: 12.091 | BJ14: 12.091 | BK14: 13.4344 | BL14: 13.4344 | BM14: 16.1213 | BN14: 17.4648 | BO14: 18.8082 | BP14: 17.4648 | BQ14: 14.7779 | BR14: 14.7779 | BS14: 13.4344 | BT14: 14.7779 | BU14: 13.4344 | BV14: 13.4344 | BW14: 14.7779 | BX14: 14.7779 | BY14: 17.4648 | BZ14: 18.8082 | CA14: 18.8082 | CB14: 18.8082 | CC14: 16.1213 | CD14: 16.1213 | CE14: 14.7779 | CF14: 16.1213 | CG14: 14.7779 | CH14: 14.7779 | CI14: 16.1213 | CJ14: 16.1213 | CK14: 18.8082 | CL14: 20.1517 | CM14: 20.1517 | CN14: 18.8082 | CO14: 17.4648 | CP14: 17.4648 | CQ14: 16.1213 | CR14: 17.4648 | CS14: 16.1213 | CT14: 12.091 | CU14: 12.091 | CV14: 10.7476 | CW14: 13.4344 | CX14: 14.7779 | CY14: 14.7779 | CZ14: 14.7779 | DA14: 13.4344 | DB14: 12.091 | DC14: 12.091 | DD14: 12.091 | DE14: 16.1213 | DF14: 14.7779 | DG14: 16.1213 | DH14: 17.4648 | DI14: 18.8082 | DJ14: 20.1517 | DK14: 21.4951 | DL14: -
A15: France | B15: 52.3944 | C15: 67.1722 | D15: 45.6771 | E15: 75.2329 | F15: 67.1722 | G15: 55.0812 | H15: 71.2026 | I15: 63.1419 | J15: 53.7378 | K15: 48.364 | L15: 67.1722 | M15: 45.6771 | N15: 55.0812 | O15: 49.7075 | P15: 44.3337 | Q15: 55.0812 | R15: 52.3944 | S15: 77.9198 | T15: 64.4854 | U15: 81.9501 | V15: 68.5157 | W15: 55.0812 | X15: 68.5157 | Y15: 56.4247 | Z15: 56.4247 | AA15: 61.7985 | AB15: 56.4247 | AC15: 75.2329 | AD15: 76.5764 | AE15: 91.3543 | AF15: 75.2329 | AG15: 65.8288 | AH15: 84.637 | AI15: 85.9805 | AJ15: 69.8591 | AK15: 75.2329 | AL15: 72.546 | AM15: 75.2329 | AN15: 83.2936 | AO15: 87.3239 | AP15: 88.6674 | AQ15: 99.4149 | AR15: 94.0411 | AS15: 88.6674 | AT15: 91.3543 | AU15: 71.2026 | AV15: 118.2232 | AW15: 127.6273 | AX15: 98.0715 | AY15: 79.2633 | AZ15: 41.6468 | BA15: 72.546 | BB15: 112.8494 | BC15: 143.7486 | BD15: 133.001 | BE15: 131.6576 | BF15: 134.3445 | BG15: 80.6067 | BH15: 116.8797 | BI15: 115.5363 | BJ15: 115.5363 | BK15: 141.0617 | BL15: 127.6273 | BM15: 141.0617 | BN15: 220.325 | BO15: 239.1332 | BP15: 232.416 | BQ15: 218.9815 | BR15: 209.5774 | BS15: 197.4864 | BT15: 214.9512 | BU15: 174.6478 | BV15: 180.0216 | BW15: 206.8905 | BX15: 209.5774 | BY15: 235.1029 | BZ15: 231.0725 | CA15: 244.507 | CB15: 247.1939 | CC15: 239.1332 | CD15: 99.4149 | CE15: 123.5969 | CF15: 178.6782 | CG15: 154.4962 | CH15: 130.3142 | CI15: 115.5363 | CJ15: 147.7789 | CK15: 159.8699 | CL15: 192.1126 | CM15: 181.3651 | CN15: 202.8602 | CO15: 167.9306 | CP15: 174.6478 | CQ15: 177.3347 | CR15: 184.052 | CS15: 157.1831 | CT15: 135.6879 | CU15: 159.8699 | CV15: 184.052 | CW15: 175.9913 | CX15: 192.1126 | CY15: 194.7995 | CZ15: 214.9512 | DA15: 180.0216 | DB15: 200.1733 | DC15: 182.7085 | DD15: 182.7085 | DE15: 157.1831 | DF15: 162.5568 | DG15: 169.2741 | DH15: 197.4864 | DI15: 192.1126 | DJ15: 194.7995 | DK15: 212.2643 | DL15: 190.7692
A16: Georgia | B16: - | C16: - | D16: - | E16: - | F16: - | G16: - | H16: - | I16: - | J16: - | K16: - | L16: - | M16: - | N16: - | O16: - | P16: - | Q16: - | R16: - | S16: 0 | T16: 0 | U16: 0 | V16: 0 | W16: 0 | X16: 0 | Y16: 0 | Z16: 0 | AA16: 0 | AB16: 0 | AC16: 0 | AD16: 0 | AE16: 0 | AF16: 0 | AG16: 0 | AH16: - | AI16: - | AJ16: - | AK16: - | AL16: - | AM16: - | AN16: - | AO16: - | AP16: - | AQ16: - | AR16: 0 | AS16: 0 | AT16: 0 | AU16: 0 | AV16: 0 | AW16: 0 | AX16: 0 | AY16: 0 | AZ16: 0 | BA16: 0 | BB16: 0 | BC16: 0 | BD16: 0 | BE16: 0 | BF16: 0 | BG16: 0 | BH16: 0 | BI16: 0 | BJ16: 0 | BK16: 0 | BL16: 0 | BM16: 0 | BN16: 0 | BO16: 0 | BP16: 0 | BQ16: 0 | BR16: 0 | BS16: 0 | BT16: 0 | BU16: 0 | BV16: 0 | BW16: 0 | BX16: 0 | BY16: 0 | BZ16: 0 | CA16: 0 | CB16: 0 | CC16: 0 | CD16: 0 | CE16: 0 | CF16: 0 | CG16: 0 | CH16: 0 | CI16: 0 | CJ16: 0 | CK16: 0 | CL16: 0 | CM16: 0 | CN16: 0 | CO16: 0 | CP16: 0 | CQ16: 0 | CR16: - | CS16: - | CT16: - | CU16: - | CV16: - | CW16: - | CX16: - | CY16: - | CZ16: - | DA16: - | DB16: - | DC16: - | DD16: - | DE16: - | DF16: - | DG16: - | DH16: - | DI16: - | DJ16: - | DK16: - | DL16: -
